episode,frames,active,conf_n,conf_min,conf_p05,conf_p25,conf_p50,conf_p75,conf_p95,conf_max,conf_mean,table_y_world,cam_to_table_min,cam_to_table_mean,cam_to_table_max
0.hdf5,126,right,3150,0.0032246035989373922,0.0032246035989373922,0.20414918661117554,0.47373801469802856,0.6909773945808411,0.8951908349990845,0.9993513822555542,0.4538031816482544,0.8033013939857483,0.24900907278060913,0.26533937454223633,0.2873501181602478
1.hdf5,160,right,4000,0.0032246035989373922,0.0032246035989373922,0.33551791310310364,0.6592845916748047,0.8031548261642456,0.9264626502990723,0.999275803565979,0.5549430251121521,0.8171403408050537,0.2566462755203247,0.28139859437942505,0.3233485221862793
10.hdf5,143,right,3575,0.0032246035989373922,0.0032246035989373922,0.3054792881011963,0.7164912819862366,0.846747636795044,0.9393764734268188,0.998412013053894,0.576730489730835,0.8862575888633728,0.2085081934928894,0.21213805675506592,0.21798557043075562
100.hdf5,217,left,5425,0.0032246035989373922,0.0032246035989373922,0.24616749584674835,0.6369556784629822,0.7747412323951721,0.8538739085197449,0.9880164861679077,0.5199646353721619,0.8352165222167969,0.2691267728805542,0.2713874578475952,0.27647626399993896
101.hdf5,231,right,5775,0.0032246035989373922,0.0032246035989373922,0.24943280220031738,0.6080187559127808,0.7908375263214111,0.9348236918449402,0.9996763467788696,0.5232853293418884,0.8015608787536621,0.23129475116729736,0.23956622183322906,0.27311229705810547
102.hdf5,100,left,2500,0.0,0.0,0.0,0.0,0.0,0.0,0.0,0.0,0.9026651382446289,0.20945417881011963,0.21179133653640747,0.21664857864379883
103.hdf5,79,right,1975,0.0032246035989373922,0.0032246035989373922,0.3093668520450592,0.630074679851532,0.7706170082092285,0.8473698496818542,0.9922531843185425,0.5274531245231628,0.8185880780220032,0.26898783445358276,0.2729889452457428,0.27782076597213745
104.hdf5,131,left,3275,0.0032246035989373922,0.0032246035989373922,0.22675803303718567,0.5283221006393433,0.7421607971191406,0.872135579586029,0.9971064925193787,0.47649872303009033,1.128877878189087,0.22932934761047363,0.23403400182724,0.23675429821014404
105.hdf5,59,left,1475,0.0032246035989373922,0.0032246035989373922,0.2635871171951294,0.5934791564941406,0.8558433055877686,0.95259028673172,0.9987959861755371,0.545711874961853,1.156728982925415,0.18959259986877441,0.19379183650016785,0.19728505611419678
106.hdf5,59,right,1475,0.0032246035989373922,0.0032246035989373922,0.21360883116722107,0.430585116147995,0.7863955497741699,0.9711158871650696,0.9994562268257141,0.48002392053604126,0.9637999534606934,0.19565653800964355,0.20243634283542633,0.20994365215301514
107.hdf5,56,right,1400,0.0032246035989373922,0.0032246035989373922,0.2550252377986908,0.6352006196975708,0.851568341255188,0.9316790699958801,0.9995543956756592,0.5453789234161377,0.8125352263450623,0.2512192130088806,0.26089948415756226,0.281883180141449
108.hdf5,342,left,8550,0.0032246035989373922,0.0032246035989373922,0.36023426055908203,0.7217810750007629,0.8304837942123413,0.9442015290260315,0.9966138005256653,0.585486114025116,0.803030252456665,0.2727757692337036,0.2913609445095062,0.31339824199676514
109.hdf5,77,right,1925,0.0032246035989373922,0.0032246035989373922,0.4446718990802765,0.7354064583778381,0.826052725315094,0.9062250256538391,0.9904531240463257,0.6010691523551941,0.7690286636352539,0.3363163471221924,0.34022101759910583,0.34579169750213623
11.hdf5,185,left,4625,0.0,0.0,0.0032246035989373922,0.5705184936523438,0.792694091796875,0.9089680314064026,0.979985773563385,0.4641723036766052,0.32864221930503845,0.7143349647521973,0.7181789875030518,0.7269909381866455
110.hdf5,48,left,1200,0.0016743172891438007,0.0032246033661067486,0.1870371252298355,0.32122209668159485,0.5525323748588562,0.8824429512023926,0.9629881978034973,0.37512561678886414,1.54649019241333,0.24426865577697754,0.24754464626312256,0.25281786918640137
111.hdf5,60,right,1500,0.0032246035989373922,0.0032246035989373922,0.3706858158111572,0.6465233564376831,0.7987533807754517,0.8811944723129272,0.9948181509971619,0.5553435683250427,0.8208766579627991,0.29654496908187866,0.30166810750961304,0.30456310510635376
112.hdf5,55,right,1375,0.0032246035989373922,0.0032246035989373922,0.3473438620567322,0.6798905730247498,0.8300692439079285,0.9552151560783386,0.9915806651115417,0.5729491114616394,0.9130110740661621,0.21707749366760254,0.22124876081943512,0.22741520404815674
113.hdf5,74,right,1850,0.0032246035989373922,0.0032246035989373922,0.34389257431030273,0.6885393857955933,0.8567967414855957,0.948110818862915,0.9998415112495422,0.5824185609817505,0.797692596912384,0.25109654664993286,0.2612549960613251,0.29049772024154663
114.hdf5,315,left,7875,0.0032246035989373922,0.0032246035989373922,0.2789769768714905,0.7010887265205383,0.8312262296676636,0.9151510000228882,0.9986265301704407,0.5653151273727417,1.0414812564849854,0.28810977935791016,0.3006919026374817,0.31811487674713135
115.hdf5,50,right,1250,0.0032246035989373922,0.0032246035989373922,0.2847040295600891,0.5620319843292236,0.8474896550178528,0.9785359501838684,0.9994891881942749,0.543904185295105,0.9964062571525574,0.1923503279685974,0.1977807581424713,0.20518022775650024
116.hdf5,120,left,3000,0.0032246035989373922,0.0032246035989373922,0.3298354148864746,0.6859766244888306,0.8301267623901367,0.9413430094718933,0.997700572013855,0.5690866112709045,0.8200775980949402,0.2370278239250183,0.23832131922245026,0.2396504282951355
117.hdf5,302,left,7550,0.0032246035989373922,0.0032246035989373922,0.29199013113975525,0.6686668395996094,0.8211090564727783,0.9375609159469604,0.9975845217704773,0.553229808807373,0.838138222694397,0.2795679569244385,0.2848254442214966,0.29685401916503906
118.hdf5,61,right,1525,0.0032246035989373922,0.0032246035989373922,0.2841850519180298,0.6019493341445923,0.789482831954956,0.8690279722213745,0.9951260089874268,0.5194398164749146,0.8224639296531677,0.28871721029281616,0.29115548729896545,0.2933458685874939
119.hdf5,120,right,3000,0.0032246035989373922,0.0032246035989373922,0.3410073220729828,0.6468756794929504,0.8577038049697876,0.9431784749031067,0.9993200302124023,0.5723512768745422,0.9250789880752563,0.1544051170349121,0.16310936212539673,0.1794435977935791
12.hdf5,96,right,2400,0.0032246035989373922,0.0032246035989373922,0.24196180701255798,0.582675576210022,0.7786328792572021,0.9001591801643372,0.9936769604682922,0.513198971748352,0.7257764339447021,0.3276517391204834,0.3316284418106079,0.3395400047302246
120.hdf5,93,right,2325,0.0032246035989373922,0.0032246035989373922,0.4660501480102539,0.7982067465782166,0.8977751731872559,0.9666895270347595,0.9996280670166016,0.6466984748840332,0.8476921916007996,0.29497963190078735,0.2989605665206909,0.3065982460975647
121.hdf5,80,right,2000,0.0032246035989373922,0.0032246035989373922,0.32096564769744873,0.6826280355453491,0.8680976033210754,0.935893177986145,0.9991820454597473,0.5773677825927734,0.8032477498054504,0.24319761991500854,0.25442105531692505,0.2799643874168396
122.hdf5,230,right,5750,0.0032246035989373922,0.0032246035989373922,0.2369353324174881,0.6181653141975403,0.8387178182601929,0.9408958554267883,0.9972166419029236,0.5342828035354614,0.7970815300941467,0.22703200578689575,0.22878825664520264,0.23354583978652954
123.hdf5,103,right,2575,0.0032246035989373922,0.0032246035989373922,0.4467852711677551,0.7750564217567444,0.8849714994430542,0.9499325156211853,0.9985224604606628,0.6292906403541565,0.9687082767486572,0.17911076545715332,0.18167035281658173,0.18739604949951172
124.hdf5,279,right,6975,0.0032246035989373922,0.0032246035989373922,0.2751985192298889,0.6654845476150513,0.8449512720108032,0.9471241235733032,0.9991375803947449,0.5579621195793152,0.8399725556373596,0.28968578577041626,0.30560609698295593,0.32439249753952026
125.hdf5,70,right,1750,0.003224603133276105,0.003224603133276105,0.20118123292922974,0.3890579044818878,0.6819527745246887,0.9290748238563538,0.9988753795623779,0.43296560645103455,0.8832733631134033,0.11338609457015991,0.12319842725992203,0.1353282928466797
126.hdf5,76,right,1900,0.0032246035989373922,0.0032246035989373922,0.3403213918209076,0.610831618309021,0.7664053440093994,0.8592866063117981,0.9932767152786255,0.5268937349319458,0.8329626321792603,0.27151167392730713,0.27811184525489807,0.2822742462158203
127.hdf5,100,right,2500,0.0032246035989373922,0.0032246035989373922,0.3048641085624695,0.5945775508880615,0.7534173727035522,0.8644055128097534,0.9938127398490906,0.5159780979156494,1.0343798398971558,0.2833906412124634,0.28616103529930115,0.28995299339294434
128.hdf5,136,right,3400,0.0032246035989373922,0.0032246035989373922,0.24547091126441956,0.5356686115264893,0.742599606513977,0.8881047964096069,0.9988881349563599,0.4894144535064697,0.8152370452880859,0.24611544609069824,0.26472020149230957,0.3108828067779541
129.hdf5,104,right,2600,0.0032246035989373922,0.0032246035989373922,0.3379483222961426,0.6595484018325806,0.8049092888832092,0.8968198299407959,0.9965181946754456,0.5520749092102051,1.1873644590377808,0.34473705291748047,0.34864476323127747,0.35410869121551514
13.hdf5,66,right,1650,0.0032246035989373922,0.0032246035989373922,0.2843452990055084,0.6434840559959412,0.845444917678833,0.945358157157898,0.9996160268783569,0.5567157864570618,0.7965651750564575,0.21822619438171387,0.240006685256958,0.2664327621459961
130.hdf5,197,right,4925,0.0032246035989373922,0.0032246035989373922,0.2599160969257355,0.5980084538459778,0.7981259226799011,0.946017861366272,0.9986236691474915,0.5224086046218872,0.8420896530151367,0.21074163913726807,0.21313457190990448,0.2181774377822876
131.hdf5,142,left,3550,0.0,0.0,0.0,0.0,0.0,0.0,0.0,0.0,0.9687934517860413,0.22391074895858765,0.22458137571811676,0.22711259126663208
132.hdf5,112,left,2800,0.0032246035989373922,0.0032246035989373922,0.3293854594230652,0.6298011541366577,0.8012984395027161,0.9217013716697693,0.9917324185371399,0.5468958616256714,0.7566320300102234,0.21813541650772095,0.22079722583293915,0.22323077917099
133.hdf5,233,left,5825,0.0,0.0,0.003256334224715829,0.6066648364067078,0.8355090618133545,0.9340214133262634,0.9964383244514465,0.496570885181427,0.6986932158470154,0.32132023572921753,0.3240642249584198,0.33550113439559937
134.hdf5,94,right,2350,0.003224603133276105,0.003224603133276105,0.38111215829849243,0.6574796438217163,0.8163663148880005,0.9411606192588806,0.9996798634529114,0.5669070482254028,0.8129486441612244,0.29203957319259644,0.30137550830841064,0.32733410596847534
135.hdf5,138,right,3450,0.0032246035989373922,0.0032246035989373922,0.5003534555435181,0.8079987168312073,0.8893518447875977,0.9622723460197449,0.999072253704071,0.6517133712768555,0.9520453214645386,0.16848504543304443,0.174748495221138,0.182265043258667
136.hdf5,85,right,2125,0.0032246035989373922,0.0032246035989373922,0.1937338411808014,0.45952150225639343,0.8256945610046387,0.9324292540550232,0.9994797110557556,0.49319663643836975,0.8112884163856506,0.23199516534805298,0.24473261833190918,0.25716084241867065
137.hdf5,94,right,2350,0.0032246035989373922,0.0032246035989373922,0.3852587044239044,0.7195215225219727,0.8997294902801514,0.9652207493782043,0.9996711015701294,0.6105242371559143,0.9427497386932373,0.13860535621643066,0.14055272936820984,0.1433262825012207
138.hdf5,65,right,1625,0.0032246035989373922,0.0032246035989373922,0.26472920179367065,0.5900439620018005,0.7606436014175415,0.842428982257843,0.9876392483711243,0.507653534412384,0.8211420774459839,0.285402774810791,0.2885884940624237,0.2909102439880371
139.hdf5,62,right,1550,0.0032246035989373922,0.0032246035989373922,0.29204824566841125,0.6851280927658081,0.8554001450538635,0.9759359955787659,0.9971941709518433,0.5738300681114197,0.9114720821380615,0.18437373638153076,0.18804627656936646,0.1932910680770874
14.hdf5,61,right,1525,0.0032246035989373922,0.0032246035989373922,0.31354594230651855,0.6847441792488098,0.8853334188461304,0.956898033618927,0.9996449947357178,0.585300624370575,0.8010650873184204,0.2376697063446045,0.24685385823249817,0.2708472013473511
140.hdf5,103,right,2575,0.003224603133276105,0.003224603133276105,0.32044529914855957,0.6291954517364502,0.8412665128707886,0.9262385964393616,0.999719500541687,0.5551742911338806,0.8137346506118774,0.28428661823272705,0.29514211416244507,0.32321465015411377
141.hdf5,61,right,1525,0.0032246035989373922,0.0032246035989373922,0.2538590133190155,0.6323421597480774,0.8730736970901489,0.9425428509712219,0.9995630383491516,0.5487698912620544,0.8065954446792603,0.2276442050933838,0.2391432225704193,0.261088490486145
142.hdf5,80,right,2000,0.0032246035989373922,0.0032246035989373922,0.24294105172157288,0.5211433172225952,0.7611356377601624,0.871698796749115,0.9939488768577576,0.48766398429870605,0.8325292468070984,0.2652367949485779,0.2679445147514343,0.26940256357192993
143.hdf5,119,right,2975,0.003224603133276105,0.003224603133276105,0.301116019487381,0.6670054197311401,0.8554583787918091,0.9485840797424316,0.9973145723342896,0.5696791410446167,1.088947057723999,0.3390434980392456,0.34308716654777527,0.35037457942962646
144.hdf5,83,right,2075,0.0032246035989373922,0.0032246035989373922,0.25910377502441406,0.6564925312995911,0.8331910967826843,0.9475647807121277,0.9970998167991638,0.5493939518928528,0.851309597492218,0.17691773176193237,0.18169870972633362,0.19050878286361694
145.hdf5,296,left,7400,0.0032246035989373922,0.0032246035989373922,0.2150055170059204,0.5876364707946777,0.8307790160179138,0.930980384349823,0.9971710443496704,0.5215035080909729,1.0100022554397583,0.30850422382354736,0.3148353099822998,0.332069993019104
146.hdf5,114,left,2850,0.0032246035989373922,0.0032246035989373922,0.2299811840057373,0.4895073175430298,0.7062534689903259,0.8904569745063782,0.9850015640258789,0.46361449360847473,0.8835412859916687,0.267137348651886,0.26849478483200073,0.27146023511886597
147.hdf5,205,left,5125,0.0032246035989373922,0.0032246035989373922,0.2414855659008026,0.626995861530304,0.8054266571998596,0.9095934629440308,0.9976387619972229,0.5262019634246826,0.8265467286109924,0.3067479729652405,0.3146475553512573,0.3287277817726135
148.hdf5,90,right,2250,0.0032246035989373922,0.0032246035989373922,0.2431740164756775,0.5690937042236328,0.8048563003540039,0.9183094501495361,0.9991834759712219,0.5167157649993896,0.7989977598190308,0.26985323429107666,0.2838093936443329,0.31168484687805176
149.hdf5,123,right,3075,0.0032246035989373922,0.0032246035989373922,0.2703515887260437,0.5880141258239746,0.8204761743545532,0.9106879234313965,0.9966576099395752,0.5280337333679199,0.8340942859649658,0.20064175128936768,0.2043859362602234,0.2116706371307373
15.hdf5,51,right,1275,0.0,0.0,0.0,0.0,0.0,0.0,0.0,0.0,1.2121978998184204,0.5628513097763062,0.5688343644142151,0.5799616575241089
150.hdf5,57,right,1425,0.0032246035989373922,0.0032246035989373922,0.2580000162124634,0.5304557085037231,0.8114791512489319,0.921722948551178,0.9988390803337097,0.5080018043518066,0.8206279277801514,0.24080967903137207,0.25092658400535583,0.27444589138031006
151.hdf5,119,right,2975,0.0032246035989373922,0.0032246035989373922,0.30548620223999023,0.6898488998413086,0.8409870266914368,0.9292636513710022,0.997456431388855,0.5660000443458557,1.041679859161377,0.21593928337097168,0.21955811977386475,0.2286224365234375
152.hdf5,66,right,1650,0.0032246035989373922,0.0032246035989373922,0.23449546098709106,0.5148316621780396,0.8221709132194519,0.9275620579719543,0.999152421951294,0.5088052749633789,0.8052067160606384,0.27562254667282104,0.2906420826911926,0.31224173307418823
153.hdf5,106,right,2650,0.0032246035989373922,0.0032246035989373922,0.26723387837409973,0.5969927310943604,0.8097424507141113,0.9359239935874939,0.9985266327857971,0.5312951803207397,1.4513427019119263,0.12914443016052246,0.13497832417488098,0.14455664157867432
154.hdf5,97,right,2425,0.0032246035989373922,0.0032246035989373922,0.27494630217552185,0.630126953125,0.7926817536354065,0.9239658117294312,0.9991716146469116,0.5286336541175842,0.8141553997993469,0.23929423093795776,0.25528454780578613,0.2825029492378235
155.hdf5,59,right,1475,0.0032246035989373922,0.0032246035989373922,0.29770731925964355,0.6425855755805969,0.868843674659729,0.9482381343841553,0.9993515014648438,0.5658571720123291,0.8198978304862976,0.22832292318344116,0.23835738003253937,0.2586449980735779
156.hdf5,465,left,11625,0.003224603133276105,0.003224603133276105,0.2311680018901825,0.625580906867981,0.8063609004020691,0.9299193620681763,0.9981902241706848,0.522119402885437,1.0323138236999512,0.26573121547698975,0.3022328019142151,0.3340315818786621
157.hdf5,58,right,1450,0.0032246035989373922,0.0032246035989373922,0.30576446652412415,0.6678648591041565,0.8483819961547852,0.9319814443588257,0.9995987415313721,0.5635132193565369,0.7934471368789673,0.25235486030578613,0.26272502541542053,0.28046369552612305
158.hdf5,45,right,1125,0.0032246035989373922,0.0032246035989373922,0.23820823431015015,0.5172035098075867,0.7999629378318787,0.9604374170303345,0.9979518055915833,0.5060189962387085,1.4254379272460938,0.19887447357177734,0.20157893002033234,0.2037642002105713
159.hdf5,49,left,1225,0.0032246035989373922,0.0032246035989373922,0.3322789669036865,0.7136439681053162,0.8585008978843689,0.9479811787605286,0.9973273873329163,0.5808409452438354,1.1511152982711792,0.19897186756134033,0.2030826061964035,0.20858657360076904
16.hdf5,120,right,3000,0.0032246035989373922,0.0032246035989373922,0.472831130027771,0.7937347888946533,0.9135313630104065,0.9801645874977112,0.9998714327812195,0.6515803337097168,0.8782766461372375,0.21619552373886108,0.22463753819465637,0.23032957315444946
160.hdf5,111,left,2775,0.0032246035989373922,0.0032246035989373922,0.23713110387325287,0.5663374662399292,0.7774947881698608,0.9128068089485168,0.9927452206611633,0.5014303922653198,1.0598211288452148,0.19098663330078125,0.19444967806339264,0.19660699367523193
161.hdf5,71,right,1775,0.0032246035989373922,0.0032246035989373922,0.24925267696380615,0.5456914901733398,0.8187917470932007,0.9201642274856567,0.9974891543388367,0.5160507559776306,0.9069192409515381,0.10672152042388916,0.11500565707683563,0.12687313556671143
162.hdf5,89,right,2225,0.0032246035989373922,0.0032246035989373922,0.4491019546985626,0.8086276650428772,0.9034000039100647,0.9698677062988281,0.9992479085922241,0.6448137760162354,0.9373903870582581,0.15665560960769653,0.15721748769283295,0.1585569977760315
163.hdf5,73,right,1825,0.0032246035989373922,0.0032246035989373922,0.23744027316570282,0.5734657645225525,0.8437358736991882,0.9344858527183533,0.9994372725486755,0.5268632769584656,0.8168750405311584,0.22681254148483276,0.2482106238603592,0.29760462045669556
164.hdf5,116,right,2900,0.0032246035989373922,0.0032246035989373922,0.3829731345176697,0.7149534225463867,0.8320533037185669,0.925733208656311,0.994921088218689,0.5888313055038452,0.7553434371948242,0.22979426383972168,0.23283006250858307,0.23782891035079956
165.hdf5,111,right,2775,0.0032246035989373922,0.0032246035989373922,0.253170371055603,0.5718150734901428,0.7851947546005249,0.9221949577331543,0.9951075315475464,0.5089996457099915,0.8004991412162781,0.20898205041885376,0.21071244776248932,0.21322017908096313
166.hdf5,101,right,2525,0.003224603133276105,0.003224603133276105,0.3868494927883148,0.6411722898483276,0.836159884929657,0.9553995132446289,0.999718189239502,0.5699459314346313,0.8099325895309448,0.264646053314209,0.2813345193862915,0.3227325677871704
167.hdf5,156,right,3900,0.0032246035989373922,0.0032246035989373922,0.2586545944213867,0.6217647194862366,0.7903077602386475,0.9273291826248169,0.998500406742096,0.5272763967514038,0.8367969393730164,0.20477062463760376,0.20711247622966766,0.2120773196220398
168.hdf5,141,left,3525,0.0,0.0,0.0,0.2201330065727234,0.7037317752838135,0.8628048896789551,0.9836946725845337,0.33161333203315735,0.8126658797264099,0.1903110146522522,0.19249030947685242,0.19733673334121704
169.hdf5,122,right,3050,0.003224603133276105,0.003224603133276105,0.19781920313835144,0.47698214650154114,0.7918219566345215,0.9183898568153381,0.9962902665138245,0.47592398524284363,0.7509105205535889,0.3297628164291382,0.335511177778244,0.3412604331970215
17.hdf5,60,right,1500,0.0032246035989373922,0.0032246035989373922,0.2403509020805359,0.6503722071647644,0.8829163312911987,0.986221432685852,0.9998012185096741,0.5628349781036377,0.986266016960144,0.19055140018463135,0.19462013244628906,0.20127463340759277
170.hdf5,125,right,3125,0.0032246035989373922,0.0032246035989373922,0.17193853855133057,0.3983263075351715,0.6998705267906189,0.8866724967956543,0.9992746710777283,0.4295142889022827,0.8164758086204529,0.2368742823600769,0.25167009234428406,0.2885783314704895
171.hdf5,67,right,1675,0.003224603133276105,0.003224603133276105,0.2936926484107971,0.6408230066299438,0.7828500866889954,0.8768850564956665,0.9933111667633057,0.5306207537651062,0.8280280828475952,0.2850281000137329,0.28922009468078613,0.29352104663848877
172.hdf5,64,right,1600,0.0032246035989373922,0.0032246035989373922,0.281688928604126,0.6088259220123291,0.8273947238922119,0.9701809287071228,0.9988145232200623,0.5471121072769165,0.9845285415649414,0.1412266492843628,0.14798705279827118,0.1652470827102661
173.hdf5,81,right,2025,0.0032246035989373922,0.0032246035989373922,0.26143476366996765,0.5346486568450928,0.7615140676498413,0.9093797206878662,0.9991651177406311,0.5005971193313599,0.8168938755989075,0.22501546144485474,0.2424081563949585,0.2702891230583191
174.hdf5,105,right,2625,0.0032246035989373922,0.0032246035989373922,0.2715472877025604,0.4961741268634796,0.6999545097351074,0.8467323184013367,0.9921749830245972,0.4690537452697754,1.041316032409668,0.2890453338623047,0.29352447390556335,0.2964038848876953
175.hdf5,76,right,1900,0.0032246035989373922,0.0032246035989373922,0.3008055090904236,0.6325515508651733,0.8649094104766846,0.9634807109832764,0.9997814893722534,0.5621892213821411,0.935182511806488,0.18977242708206177,0.19141726195812225,0.19267576932907104
176.hdf5,158,right,3950,0.0032246035989373922,0.0032246035989373922,0.3071340024471283,0.6231734752655029,0.8305625915527344,0.941848635673523,0.9979268312454224,0.5472115874290466,1.5017811059951782,0.2054908275604248,0.20942209661006927,0.2154984474182129
177.hdf5,67,right,1675,0.0032246035989373922,0.0032246035989373922,0.28892070055007935,0.6517972350120544,0.8691911101341248,0.949653148651123,0.9997323751449585,0.5627297759056091,0.8110716342926025,0.25385844707489014,0.25899747014045715,0.26539623737335205
178.hdf5,140,left,3500,0.0032246035989373922,0.0032246035989373922,0.21454916894435883,0.3993460536003113,0.6894159913063049,0.9003514647483826,0.9822114109992981,0.4335528016090393,0.773045003414154,0.2783427834510803,0.2794565260410309,0.28127700090408325
179.hdf5,398,left,9950,0.003224603133276105,0.003224603133276105,0.20654666423797607,0.6117921471595764,0.8149694204330444,0.9354347586631775,0.9989224076271057,0.5191380977630615,1.0526928901672363,0.2645566463470459,0.3041103482246399,0.329129695892334
18.hdf5,92,right,2300,0.003224603133276105,0.003224603133276105,0.3413308262825012,0.7176049947738647,0.8559738397598267,0.9192615747451782,0.9941431879997253,0.5861117243766785,1.0890624523162842,0.3351022005081177,0.34139543771743774,0.3506098985671997
180.hdf5,38,right,950,0.0032246035989373922,0.0032246035989373922,0.28204649686813354,0.6300420761108398,0.7712647914886475,0.9011682868003845,0.9966407418251038,0.5211876630783081,0.8084405660629272,0.20604443550109863,0.20821397006511688,0.21098673343658447
181.hdf5,98,right,2450,0.0032246035989373922,0.0032246035989373922,0.4128809869289398,0.7507832050323486,0.8856898546218872,0.964213490486145,0.9994304776191711,0.6148130893707275,0.8607633709907532,0.23233050107955933,0.23336106538772583,0.23473602533340454
182.hdf5,69,right,1725,0.0032246035989373922,0.0032246035989373922,0.2886497378349304,0.5364882946014404,0.7183546423912048,0.858802318572998,0.9896513819694519,0.4852127134799957,0.8194997310638428,0.2947126626968384,0.2984692454338074,0.3004254102706909
183.hdf5,84,right,2100,0.003224603133276105,0.003224603133276105,0.33587831258773804,0.6401009559631348,0.7701788544654846,0.8425930738449097,0.9900978207588196,0.5349094271659851,0.8190016150474548,0.2687285542488098,0.2705971896648407,0.2734934687614441
184.hdf5,67,right,1675,0.0032246035989373922,0.0032246035989373922,0.48525869846343994,0.7515564560890198,0.8512014150619507,0.9173951745033264,0.9947348833084106,0.6238464713096619,0.7765041589736938,0.3276275396347046,0.33025896549224854,0.33573663234710693
185.hdf5,229,right,5725,0.003224603133276105,0.003224603133276105,0.33885878324508667,0.6226086020469666,0.7551056742668152,0.8567203283309937,0.9945308566093445,0.5267640352249146,0.8257277607917786,0.279741108417511,0.28279441595077515,0.2849516272544861
186.hdf5,47,right,1175,0.0032246040645986795,0.0032246392220258713,0.29414480924606323,0.5597090125083923,0.7743290662765503,0.9075130820274353,0.9970532655715942,0.515788197517395,1.1709089279174805,0.1480116844177246,0.15069988369941711,0.15958738327026367
187.hdf5,62,left,1550,0.0032246035989373922,0.0032246035989373922,0.2725312113761902,0.6404663920402527,0.8720104098320007,0.9764686226844788,0.993259608745575,0.5611526370048523,1.0815833806991577,0.2407519817352295,0.2465108335018158,0.25232815742492676
188.hdf5,165,right,4125,0.0032246035989373922,0.0032246035989373922,0.2744406461715698,0.6077308058738708,0.7890792489051819,0.924751877784729,0.9938036799430847,0.526016116142273,0.8132213950157166,0.18332737684249878,0.18684065341949463,0.19131869077682495
189.hdf5,141,right,3525,0.003224603133276105,0.003224603133276105,0.2551659941673279,0.5808894038200378,0.7865763902664185,0.9002311825752258,0.9969083666801453,0.51373690366745,0.8352991938591003,0.2010294795036316,0.20690307021141052,0.21060317754745483
19.hdf5,145,left,3625,0.0032246035989373922,0.0032246035989373922,0.2713470160961151,0.6343616843223572,0.7787435054779053,0.9213883280754089,0.9901034832000732,0.5280393362045288,0.7568201422691345,0.21691232919692993,0.22010274231433868,0.22385674715042114
190.hdf5,171,right,4275,0.0032246035989373922,0.0032246035989373922,0.2085670530796051,0.4684126377105713,0.7494332790374756,0.9105744957923889,0.9977368712425232,0.46552667021751404,0.8319412469863892,0.19452381134033203,0.19698898494243622,0.20093119144439697
191.hdf5,134,right,3350,0.0032246035989373922,0.0032246035989373922,0.21763691306114197,0.5620760321617126,0.7302907705307007,0.8817315697669983,0.998275637626648,0.48451653122901917,0.8116356730461121,0.29646211862564087,0.3065454363822937,0.3281019330024719
192.hdf5,125,left,3125,0.0,0.0,0.0,0.0,0.0,0.0,0.0,0.0,0.8940200209617615,0.20870822668075562,0.21057817339897156,0.2121029496192932
193.hdf5,131,right,3275,0.0032246035989373922,0.0032246035989373922,0.3491817116737366,0.6628996133804321,0.8059911727905273,0.9402720928192139,0.9957733154296875,0.5620316863059998,0.8134375810623169,0.23355352878570557,0.2349233627319336,0.23622095584869385
194.hdf5,131,right,3275,0.0032246035989373922,0.0032246035989373922,0.21309104561805725,0.5061447620391846,0.8184674978256226,0.931272566318512,0.996600329875946,0.49480774998664856,0.8195095658302307,0.22111386060714722,0.22473444044589996,0.22961455583572388
195.hdf5,87,right,2175,0.003224603133276105,0.003224603133276105,0.19419503211975098,0.5652579665184021,0.8139959573745728,0.8960345387458801,0.9983068704605103,0.5080618262290955,1.0140807628631592,0.19023001194000244,0.2097024768590927,0.23419976234436035
196.hdf5,133,right,3325,0.0032246035989373922,0.0032246035989373922,0.2742046117782593,0.584699273109436,0.8202183842658997,0.9634119272232056,0.9991318583488464,0.5306994318962097,0.9066434502601624,0.20151931047439575,0.20885232090950012,0.23144763708114624
197.hdf5,46,right,1150,0.0032246035989373922,0.0032246035989373922,0.23637470602989197,0.5046408772468567,0.7911040186882019,0.9719527959823608,0.9988263249397278,0.5055162906646729,1.2759580612182617,0.21162569522857666,0.21583743393421173,0.222273588180542
198.hdf5,113,right,2825,0.0032246035989373922,0.0032246035989373922,0.4050339162349701,0.7647486925125122,0.8740109205245972,0.9354128241539001,0.9986354112625122,0.6167176961898804,0.8338831663131714,0.19059288501739502,0.22277222573757172,0.23756766319274902
199.hdf5,70,right,1750,0.0032246035989373922,0.0032246035989373922,0.36028188467025757,0.6162539720535278,0.750516414642334,0.8422905206680298,0.992095410823822,0.5298094153404236,0.8189178109169006,0.2875364422798157,0.29130372405052185,0.29443103075027466
2.hdf5,307,right,7675,0.0032246035989373922,0.0032246035989373922,0.2726985216140747,0.6516292095184326,0.8525921106338501,0.9518163204193115,0.9985595941543579,0.5607829093933105,1.1002570390701294,0.2895146608352661,0.3034212291240692,0.317976713180542
20.hdf5,206,left,5150,0.003224603133276105,0.003224603133276105,0.20407867431640625,0.6224579811096191,0.8200502395629883,0.9289177060127258,0.9983465075492859,0.5252743363380432,1.0734621286392212,0.2936497926712036,0.30337101221084595,0.31981122493743896
200.hdf5,94,right,2350,0.003224603133276105,0.003224603133276105,0.2206006646156311,0.42788422107696533,0.6623736619949341,0.896109938621521,0.9994239211082458,0.4352107048034668,0.892231822013855,0.1185380220413208,0.12270748615264893,0.1282033920288086
201.hdf5,94,right,2350,0.0032246035989373922,0.0032246035989373922,0.3358493745326996,0.705089807510376,0.852569580078125,0.9225523471832275,0.9978267550468445,0.5803394913673401,0.9228611588478088,0.13511580228805542,0.13919053971767426,0.1487240195274353
202.hdf5,176,right,4400,0.0032246035989373922,0.0032246035989373922,0.28701943159103394,0.5278017520904541,0.6708793044090271,0.8856088519096375,0.9986963868141174,0.47441938519477844,0.8125683665275574,0.2610146403312683,0.28380799293518066,0.3236392140388489
203.hdf5,139,left,3475,0.0032246035989373922,0.0032246035989373922,0.24901270866394043,0.6571906208992004,0.8187161087989807,0.931746244430542,0.9946945905685425,0.539329469203949,0.8283507823944092,0.23132622241973877,0.2329038381576538,0.23665976524353027
204.hdf5,62,right,1550,0.0032246035989373922,0.0032246035989373922,0.39202362298965454,0.6809177994728088,0.8908654451370239,0.9729406833648682,0.9996456503868103,0.6047360301017761,0.9251924157142639,0.19629806280136108,0.19815990328788757,0.20188719034194946
205.hdf5,122,right,3050,0.0032246035989373922,0.0032246035989373922,0.25400876998901367,0.5118626356124878,0.7784388661384583,0.8854737877845764,0.9979055523872375,0.48851385712623596,1.4363529682159424,0.12177097797393799,0.13633912801742554,0.15454840660095215
206.hdf5,332,right,8300,0.0032246035989373922,0.0032246035989373922,0.2775644361972809,0.6380573511123657,0.8205626010894775,0.932336151599884,0.9991675019264221,0.5454075932502747,1.1960585117340088,0.2758197784423828,0.28645941615104675,0.3080174922943115
207.hdf5,50,right,1250,0.0032246035989373922,0.0032246035989373922,0.2743240296840668,0.6105483770370483,0.8550922870635986,0.9381154179573059,0.9992149472236633,0.5498456954956055,0.8221216797828674,0.23966282606124878,0.24549050629138947,0.25745266675949097
208.hdf5,98,right,2450,0.0032246035989373922,0.0032246035989373922,0.24335546791553497,0.5880722403526306,0.7694175243377686,0.8602278232574463,0.9947862029075623,0.503454864025116,0.8266233205795288,0.27999603748321533,0.28515076637268066,0.28804004192352295
209.hdf5,123,left,3075,0.0032246035989373922,0.0032246035989373922,0.24920424818992615,0.6386682987213135,0.8349221348762512,0.9249356389045715,0.9973358511924744,0.5395497679710388,0.8198907971382141,0.22382313013076782,0.22553226351737976,0.2291138768196106
21.hdf5,140,right,3500,0.0032246035989373922,0.0032246035989373922,0.2373875081539154,0.588191032409668,0.8344107866287231,0.9728184342384338,0.9996801614761353,0.5308640599250793,1.5849610567092896,0.1624126434326172,0.1691415011882782,0.1766597032546997
210.hdf5,172,left,4300,0.0032246035989373922,0.0032246035989373922,0.23927779495716095,0.5720441341400146,0.7940395474433899,0.9245948791503906,0.9965761303901672,0.5087675452232361,0.7875477075576782,0.19819790124893188,0.20221278071403503,0.2088230848312378
211.hdf5,58,right,1450,0.0032246035989373922,0.0032246035989373922,0.32044562697410583,0.6438450813293457,0.8389476537704468,0.9289522171020508,0.9993907809257507,0.5586873292922974,0.8078002333641052,0.24738484621047974,0.25889354944229126,0.27881330251693726
212.hdf5,102,left,2550,0.0032246035989373922,0.0032246035989373922,0.3677224814891815,0.7042762041091919,0.8470731973648071,0.9525388479232788,0.9978026747703552,0.5866571068763733,0.9310495257377625,0.18116241693496704,0.18325044214725494,0.1856784224510193
213.hdf5,52,right,1300,0.0032246035989373922,0.0032246035989373922,0.2793739438056946,0.7410250902175903,0.8802022933959961,0.9807292222976685,0.9994474053382874,0.5915350317955017,1.2573188543319702,0.23875105381011963,0.24286840856075287,0.24959468841552734
214.hdf5,62,right,1550,0.0032246035989373922,0.0032246035989373922,0.22383171319961548,0.5054508447647095,0.8062669038772583,0.9341825246810913,0.9993524551391602,0.49803513288497925,0.8092884421348572,0.2500343918800354,0.2568984031677246,0.2696138024330139
215.hdf5,49,right,1225,0.0032246035989373922,0.0032246035989373922,0.27509447932243347,0.6473248600959778,0.8764818906784058,0.9753924608230591,0.9997224807739258,0.5701866745948792,0.9520174860954285,0.19958001375198364,0.20412948727607727,0.20803827047348022
216.hdf5,75,right,1875,0.0032246035989373922,0.0032246035989373922,0.23981493711471558,0.5413209795951843,0.8088833093643188,0.9180961847305298,0.9993434548377991,0.5102631449699402,0.8142077326774597,0.22712641954421997,0.24077771604061127,0.2800067067146301
217.hdf5,144,left,3600,0.0032246035989373922,0.0032246035989373922,0.2663154602050781,0.5616496801376343,0.7372111678123474,0.8920825719833374,0.9912261366844177,0.4985550343990326,0.8848174214363098,0.2635893225669861,0.2653079032897949,0.26895374059677124
218.hdf5,124,right,3100,0.0032246035989373922,0.0032246035989373922,0.27008625864982605,0.730817973613739,0.8580044507980347,0.9481173753738403,0.9983179569244385,0.5805384516716003,0.8298572301864624,0.22305023670196533,0.22510597109794617,0.2268843650817871
219.hdf5,104,left,2600,0.0032246035989373922,0.0032246035989373922,0.30509382486343384,0.648089587688446,0.8332564830780029,0.9338086843490601,0.9878373146057129,0.5517749786376953,0.828079104423523,0.20938074588775635,0.2114853858947754,0.21462154388427734
22.hdf5,85,right,2125,0.0032246035989373922,0.0032246035989373922,0.30134961009025574,0.5527101755142212,0.6939883828163147,0.8308125138282776,0.9900505542755127,0.4859141707420349,0.8216999173164368,0.2885991930961609,0.29375389218330383,0.2971152663230896
220.hdf5,163,right,4075,0.0032246035989373922,0.0032246035989373922,0.31000226736068726,0.6614243388175964,0.7911787629127502,0.9294782876968384,0.9949033856391907,0.5481815338134766,0.8287126421928406,0.2244061827659607,0.22830301523208618,0.23068255186080933
221.hdf5,40,left,1000,0.0032246035989373922,0.0032246035989373922,0.2867854833602905,0.6840592622756958,0.8412314057350159,0.9425166249275208,0.990487277507782,0.5637768507003784,1.438383936882019,0.18500733375549316,0.18940620124340057,0.19448602199554443
222.hdf5,112,right,2800,0.0032246035989373922,0.0032246035989373922,0.3590242266654968,0.6340416669845581,0.7757419347763062,0.8830509781837463,0.993010401725769,0.5425148010253906,1.0900663137435913,0.3398638963699341,0.3465607464313507,0.3587292432785034
223.hdf5,57,right,1425,0.0032246035989373922,0.0032246035989373922,0.3312482535839081,0.6045532822608948,0.7482852935791016,0.9378889203071594,0.9929146766662598,0.529877781867981,1.3039647340774536,0.16687297821044922,0.17153602838516235,0.18302273750305176
224.hdf5,107,right,2675,0.0032246035989373922,0.0032246035989373922,0.40826764702796936,0.7305338978767395,0.8389062285423279,0.9359162449836731,0.995339035987854,0.6004729270935059,0.8037135601043701,0.21369552612304688,0.2168436199426651,0.22252047061920166
225.hdf5,372,right,9300,0.0032246035989373922,0.0032246035989373922,0.26605385541915894,0.5810534954071045,0.7827476859092712,0.9013708829879761,0.9910916090011597,0.5156378746032715,1.0977442264556885,0.2477806806564331,0.2670813202857971,0.2874789237976074
226.hdf5,100,right,2500,0.0032246035989373922,0.0032246035989373922,0.45409834384918213,0.7669028639793396,0.8815503120422363,0.9689770340919495,0.9996480345726013,0.6318753361701965,0.86334228515625,0.2347196340560913,0.23758849501609802,0.24259817600250244
227.hdf5,70,right,1750,0.0032246035989373922,0.0032246035989373922,0.29961448907852173,0.6344869136810303,0.8062669038772583,0.9263933300971985,0.998744010925293,0.5425025224685669,0.805760383605957,0.2679058313369751,0.2847588360309601,0.3115311861038208
228.hdf5,135,right,3375,0.0032246035989373922,0.0032246035989373922,0.3232905864715576,0.711840808391571,0.8668608069419861,0.9638317227363586,0.9994476437568665,0.5808224081993103,0.9080572724342346,0.17513376474380493,0.1829596310853958,0.19014662504196167
229.hdf5,64,right,1600,0.0032246035989373922,0.0032246035989373922,0.25585711002349854,0.5495027303695679,0.8283032178878784,0.925115168094635,0.9995765686035156,0.5241451859474182,0.8084923028945923,0.26433515548706055,0.2688487470149994,0.27847182750701904
23.hdf5,134,right,3350,0.003224603133276105,0.003224603133276105,0.2407071590423584,0.6096575260162354,0.7934532165527344,0.907640814781189,0.9928054809570312,0.5210649371147156,1.0097243785858154,0.33901989459991455,0.34254541993141174,0.34683382511138916
230.hdf5,74,right,1850,0.0032246035989373922,0.0032246035989373922,0.2547875642776489,0.6057047843933105,0.8356111645698547,0.9254597425460815,0.999439001083374,0.5298774242401123,1.042169213294983,0.2200164794921875,0.2295641452074051,0.24444973468780518
231.hdf5,173,right,4325,0.0032246035989373922,0.0032246035989373922,0.232606902718544,0.5966492891311646,0.7588861584663391,0.9102253317832947,0.9992318749427795,0.5036433935165405,1.263357400894165,0.23358821868896484,0.2607567608356476,0.29001855850219727
232.hdf5,168,left,4200,0.0032246035989373922,0.0032246035989373922,0.24590083956718445,0.6369256973266602,0.8393068909645081,0.9454184770584106,0.9972848892211914,0.5357114672660828,0.8409828543663025,0.21876853704452515,0.22206354141235352,0.22533172369003296
233.hdf5,94,right,2350,0.0032246035989373922,0.0032246035989373922,0.25553831458091736,0.6219178438186646,0.8395821452140808,0.9146795272827148,0.998624861240387,0.541795551776886,0.7855771780014038,0.20696741342544556,0.21625973284244537,0.22823667526245117
234.hdf5,68,right,1700,0.0032246035989373922,0.0032246035989373922,0.20945195853710175,0.6058100461959839,0.8143340945243835,0.8938641548156738,0.997402548789978,0.5169708728790283,1.0677955150604248,0.2064042091369629,0.21795134246349335,0.24816668033599854
235.hdf5,130,right,3250,0.0032246035989373922,0.0032246035989373922,0.33613646030426025,0.7284805178642273,0.8715832829475403,0.9628953337669373,0.9997309446334839,0.591170608997345,1.2590563297271729,0.19265258312225342,0.20037826895713806,0.21172988414764404
236.hdf5,56,right,1400,0.0032246035989373922,0.0032246035989373922,0.3295726180076599,0.658473014831543,0.8296687602996826,0.932034432888031,0.9993343353271484,0.5625413060188293,0.795321524143219,0.26491624116897583,0.2794882655143738,0.3238160014152527
237.hdf5,78,right,1950,0.003224603133276105,0.003224603133276105,0.28888213634490967,0.658210813999176,0.8045557141304016,0.9015135765075684,0.9956185221672058,0.5442603230476379,0.8427633047103882,0.2779046297073364,0.2802668809890747,0.28376078605651855
238.hdf5,95,right,2375,0.0032246035989373922,0.0032246035989373922,0.2560596466064453,0.5813968181610107,0.840894341468811,0.9313509464263916,0.9996170997619629,0.5318028926849365,0.8151053786277771,0.22942465543746948,0.24117660522460938,0.26599985361099243
239.hdf5,168,right,4200,0.0032246035989373922,0.0032246035989373922,0.3153200149536133,0.7252166271209717,0.8578625917434692,0.9078455567359924,0.9959355592727661,0.5813266038894653,0.8223713636398315,0.32660651206970215,0.3333664834499359,0.3397808074951172
24.hdf5,73,right,1825,0.0032246035989373922,0.0032246035989373922,0.2553810775279999,0.5388422012329102,0.7862409949302673,0.9476853609085083,0.9958202838897705,0.5104171633720398,1.3532323837280273,0.23725032806396484,0.24290068447589874,0.2471681833267212
240.hdf5,134,right,3350,0.0032246035989373922,0.0032246035989373922,0.2604014277458191,0.543565034866333,0.7658176422119141,0.8877755403518677,0.9952003359794617,0.49737414717674255,0.7625340223312378,0.3207707405090332,0.32390350103378296,0.3282841444015503
241.hdf5,109,left,2725,0.0032246035989373922,0.0032246035989373922,0.3585488200187683,0.7329942584037781,0.8594752550125122,0.9453791379928589,0.9971117377281189,0.5965855121612549,0.9340310096740723,0.18031299114227295,0.18142305314540863,0.18325114250183105
242.hdf5,129,right,3225,0.0032246035989373922,0.0032246035989373922,0.2836151421070099,0.6129223704338074,0.7765010595321655,0.8770005106925964,0.9926904439926147,0.5205448269844055,0.8299233913421631,0.2588226795196533,0.2620798349380493,0.265008807182312
243.hdf5,155,left,3875,0.0032246035989373922,0.0032246035989373922,0.3455185890197754,0.5406693816184998,0.7259304523468018,0.9189954996109009,0.9968470931053162,0.5071477890014648,0.8235520720481873,0.2179681658744812,0.2187451273202896,0.21977704763412476
244.hdf5,442,right,11050,0.0032246035989373922,0.0032246035989373922,0.24494072794914246,0.6406358480453491,0.8242185115814209,0.940086841583252,0.9982873201370239,0.5403013825416565,0.8333487510681152,0.2859269380569458,0.2932325601577759,0.3146347999572754
245.hdf5,73,right,1825,0.0032246035989373922,0.0032246035989373922,0.4165875017642975,0.6939761638641357,0.812512993812561,0.9138936400413513,0.9956941604614258,0.5816091299057007,0.7713081240653992,0.3224199414253235,0.324596107006073,0.32719141244888306
246.hdf5,79,right,1975,0.0032246035989373922,0.0032246035989373922,0.23108184337615967,0.4917723834514618,0.7882727384567261,0.9211167097091675,0.9990572929382324,0.4937632381916046,0.8194080591201782,0.23234450817108154,0.24397814273834229,0.28350400924682617
247.hdf5,139,right,3475,0.0032246035989373922,0.0032246035989373922,0.2784246802330017,0.7141522765159607,0.8471540212631226,0.9393051862716675,0.9984604716300964,0.5719795823097229,0.8907173275947571,0.20468109846115112,0.20689918100833893,0.2101157307624817
248.hdf5,136,right,3400,0.0032246035989373922,0.0032246035989373922,0.33196261525154114,0.6811874508857727,0.7995992302894592,0.9326534271240234,0.9966326951980591,0.5578786730766296,0.8539867401123047,0.2313293218612671,0.23419320583343506,0.23589599132537842
249.hdf5,63,right,1575,0.0032246035989373922,0.0032246035989373922,0.24225297570228577,0.47165346145629883,0.7844449281692505,0.9492595791816711,0.9949371218681335,0.4882453680038452,1.3185070753097534,0.1946711540222168,0.20116408169269562,0.20462191104888916
25.hdf5,137,left,3425,0.0032246035989373922,0.0032246035989373922,0.2540852725505829,0.6824910640716553,0.8546679615974426,0.947166383266449,0.9983710050582886,0.5522121787071228,0.8190991282463074,0.20467549562454224,0.2075212299823761,0.21051400899887085
250.hdf5,96,right,2400,0.0032246035989373922,0.0032246035989373922,0.35786694288253784,0.6690080165863037,0.7962855100631714,0.888124942779541,0.991247832775116,0.5591760277748108,0.7733364105224609,0.32917606830596924,0.33222174644470215,0.3354140520095825
251.hdf5,113,left,2825,0.0,0.0,0.0,0.0,0.0,0.0,0.0,0.0,0.8658068776130676,0.20814388990402222,0.21162906289100647,0.21675604581832886
252.hdf5,150,right,3750,0.0032246035989373922,0.0032246035989373922,0.3134092092514038,0.7009510397911072,0.8447731733322144,0.9499284029006958,0.9988661408424377,0.5728302001953125,0.8920321464538574,0.20324230194091797,0.2048003077507019,0.20752990245819092
253.hdf5,145,right,3625,0.0032246035989373922,0.0032246035989373922,0.4224626421928406,0.7456327676773071,0.8709889650344849,0.969997227191925,0.9995142221450806,0.6182863712310791,0.8869768977165222,0.22515934705734253,0.22775031626224518,0.23251205682754517
254.hdf5,392,left,9800,0.003224603133276105,0.003224603133276105,0.23726341128349304,0.5392763018608093,0.8033249378204346,0.9158934950828552,0.9990372061729431,0.5028198957443237,1.025267481803894,0.2757328748703003,0.28757143020629883,0.3134673833847046
255.hdf5,67,right,1675,0.0032246035989373922,0.0032246035989373922,0.3941333293914795,0.6680818200111389,0.7959800958633423,0.9042249321937561,0.9963023662567139,0.5668138265609741,0.8568109273910522,0.12985408306121826,0.14441461861133575,0.16239237785339355
256.hdf5,125,right,3125,0.0032246035989373922,0.0032246035989373922,0.2924356460571289,0.6045325994491577,0.8150293231010437,0.9577623009681702,0.9991720914840698,0.5464152097702026,0.8507461547851562,0.24125456809997559,0.24708452820777893,0.2550569772720337
257.hdf5,50,right,1250,0.0032246035989373922,0.0032246035989373922,0.29655689001083374,0.632010281085968,0.838465690612793,0.9114187359809875,0.9988166093826294,0.5506945848464966,0.8115373849868774,0.27788054943084717,0.2884625196456909,0.3171958923339844
258.hdf5,123,right,3075,0.0032246035989373922,0.0032246035989373922,0.5219792127609253,0.7626529932022095,0.8671913146972656,0.9528331160545349,0.9963489174842834,0.641146719455719,0.8686749935150146,0.2382584810256958,0.24007590115070343,0.24344873428344727
259.hdf5,35,right,875,0.0032246035989373922,0.0032246035989373922,0.3340024948120117,0.761348307132721,0.8779919147491455,0.9617063999176025,0.9934159517288208,0.6010245680809021,1.2309376001358032,0.24892950057983398,0.25164008140563965,0.25330281257629395
26.hdf5,127,left,3175,0.0,0.0,0.0,0.0,0.0,0.0019584104884415865,0.03191578760743141,0.0005761681240983307,0.5001291036605835,0.6715613603591919,0.6754683256149292,0.6853344440460205
260.hdf5,61,left,1525,0.003224603133276105,0.0032246033661067486,0.26987168192863464,0.5817906260490417,0.771217942237854,0.9045878648757935,0.9964040517807007,0.516228199005127,0.862594723701477,0.2498464584350586,0.254160076379776,0.26011812686920166
261.hdf5,96,right,2400,0.0032246035989373922,0.0032246035989373922,0.3022398352622986,0.7288616895675659,0.8661057949066162,0.9266678690910339,0.9986004829406738,0.5755591988563538,0.8618281483650208,0.2030540108680725,0.2046433836221695,0.20632082223892212
262.hdf5,108,right,2700,0.0032246035989373922,0.0032246035989373922,0.4839070439338684,0.7987431287765503,0.8889961242675781,0.9490004181861877,0.998132050037384,0.6448097229003906,0.9613098502159119,0.14597028493881226,0.1512991040945053,0.1707633137702942
263.hdf5,78,right,1950,0.0032246035989373922,0.0032246035989373922,0.26631736755371094,0.5553789138793945,0.8537139296531677,0.9589368104934692,0.9995720386505127,0.5374910235404968,1.5393904447555542,0.19023847579956055,0.19393759965896606,0.19656920433044434
264.hdf5,80,right,2000,0.0032246035989373922,0.0032246035989373922,0.36687108874320984,0.7238500118255615,0.8534667491912842,0.9616650342941284,0.9995940327644348,0.5959251523017883,0.909517765045166,0.19682955741882324,0.20019765198230743,0.2077193260192871
265.hdf5,129,right,3225,0.0032246035989373922,0.0032246035989373922,0.24915160238742828,0.650052547454834,0.828033983707428,0.9794235229492188,0.9998154640197754,0.552204430103302,1.5630420446395874,0.2171558141708374,0.22230775654315948,0.23130595684051514
266.hdf5,63,right,1575,0.0032246035989373922,0.0032246035989373922,0.24506056308746338,0.615756630897522,0.829465925693512,0.9245054721832275,0.9993087649345398,0.5369418263435364,0.8200005292892456,0.2608039379119873,0.27130451798439026,0.28413069248199463
267.hdf5,98,right,2450,0.0032246035989373922,0.0032246035989373922,0.4387795329093933,0.7376035451889038,0.8606250286102295,0.945473849773407,0.9983140826225281,0.6140592694282532,0.8917099237442017,0.18572986125946045,0.18700028955936432,0.18787705898284912
268.hdf5,175,right,4375,0.001064120326191187,0.0032246035989373922,0.2835192084312439,0.677070677280426,0.8492186069488525,0.943564236164093,0.9977839589118958,0.5585781931877136,0.8123496174812317,0.19965606927871704,0.2005612552165985,0.20312124490737915
269.hdf5,91,right,2275,0.003224603133276105,0.003224603133276105,0.2733415961265564,0.6292890906333923,0.7921563386917114,0.9084816575050354,0.9960300326347351,0.5306866765022278,0.7717825174331665,0.32242417335510254,0.32794761657714844,0.33478665351867676
27.hdf5,50,right,1250,0.0032246035989373922,0.0032246035989373922,0.300493061542511,0.6400058269500732,0.8170361518859863,0.9093384742736816,0.9962647557258606,0.5443013310432434,0.906167209148407,0.12218338251113892,0.13198713958263397,0.1385311484336853
270.hdf5,132,right,3300,0.0032246035989373922,0.0032246035989373922,0.2608599066734314,0.5284547805786133,0.7305770516395569,0.9130116105079651,0.9990419745445251,0.49205049872398376,0.8107959032058716,0.22955334186553955,0.24250993132591248,0.2541196346282959
271.hdf5,77,right,1925,0.0032246035989373922,0.0032246035989373922,0.39887505769729614,0.6994214057922363,0.8121076822280884,0.8655766844749451,0.9903922080993652,0.5757481455802917,0.805021345615387,0.3000766634941101,0.3048859238624573,0.3094467520713806
272.hdf5,107,right,2675,0.0032246035989373922,0.0032246035989373922,0.21551614999771118,0.43809598684310913,0.6997895240783691,0.9249914288520813,0.9991141557693481,0.45158886909484863,0.8113971948623657,0.22161734104156494,0.23168137669563293,0.25131261348724365
273.hdf5,86,right,2150,0.0032246035989373922,0.0032246035989373922,0.34342604875564575,0.6590051651000977,0.7829936742782593,0.8628183603286743,0.9916236400604248,0.5451081991195679,1.0454976558685303,0.2710460424423218,0.27368196845054626,0.2759416103363037
274.hdf5,76,right,1900,0.0032246035989373922,0.0032246035989373922,0.3028738498687744,0.6141325235366821,0.7633445262908936,0.8566080331802368,0.9911981225013733,0.5192975997924805,0.8302697539329529,0.2731429934501648,0.2802613079547882,0.2843760848045349
275.hdf5,121,right,3025,0.003224603133276105,0.003224603133276105,0.29485467076301575,0.7014901638031006,0.815159797668457,0.8716336488723755,0.9937887787818909,0.5572049617767334,0.7503987550735474,0.34556472301483154,0.3489926755428314,0.3519322872161865
276.hdf5,144,right,3600,0.0032246035989373922,0.0032246035989373922,0.36868953704833984,0.7016050815582275,0.8343703150749207,0.9501259326934814,0.9944620132446289,0.583258330821991,0.8244503140449524,0.21742206811904907,0.220158651471138,0.22405534982681274
28.hdf5,77,right,1925,0.003224603133276105,0.003224603133276105,0.3222385048866272,0.6795902848243713,0.8176524043083191,0.8982577919960022,0.9972699880599976,0.5565571188926697,0.8424414396286011,0.13527560234069824,0.13743403553962708,0.14103883504867554
29.hdf5,102,right,2550,0.0032246035989373922,0.0032246035989373922,0.4314802587032318,0.7916292548179626,0.896895170211792,0.9800491333007812,0.9998037219047546,0.6361492276191711,0.8649471998214722,0.26470112800598145,0.26686835289001465,0.269120454788208
3.hdf5,144,right,3600,0.0032246035989373922,0.0032246035989373922,0.3040197491645813,0.6348015069961548,0.8121626973152161,0.9283791780471802,0.9953364729881287,0.5440606474876404,0.8121646642684937,0.2444770336151123,0.24732987582683563,0.25277769565582275
30.hdf5,65,right,1625,0.0032246035989373922,0.0032246035989373922,0.24760442972183228,0.6264304518699646,0.85210120677948,0.9469852447509766,0.9996255040168762,0.5426932573318481,0.8138384819030762,0.23206830024719238,0.24126049876213074,0.26244306564331055
31.hdf5,59,right,1475,0.0032246035989373922,0.0032246035989373922,0.2551308572292328,0.5515022873878479,0.8358167409896851,0.9344819784164429,0.9996490478515625,0.5269336104393005,0.8129626512527466,0.24884629249572754,0.2664314806461334,0.28475987911224365
32.hdf5,119,right,2975,0.0032246035989373922,0.0032246035989373922,0.2529935836791992,0.549752950668335,0.7229518890380859,0.8526202440261841,0.9902112483978271,0.48465994000434875,0.8317378163337708,0.27725690603256226,0.2809014916419983,0.2841501832008362
33.hdf5,112,right,2800,0.0032246035989373922,0.0032246035989373922,0.37768375873565674,0.7716434001922607,0.895257830619812,0.9733525514602661,0.9999229907989502,0.6182230710983276,0.8899046182632446,0.24928510189056396,0.25302115082740784,0.25832653045654297
34.hdf5,145,left,3625,0.0032246035989373922,0.0032246035989373922,0.3080664277076721,0.6124041676521301,0.7826082110404968,0.9200826287269592,0.9908032417297363,0.5357527732849121,0.7564550042152405,0.25182050466537476,0.2536790072917938,0.25567787885665894
35.hdf5,265,left,6625,0.0032246035989373922,0.0032246035989373922,0.36050036549568176,0.7151623368263245,0.8451242446899414,0.9252605438232422,0.9962566494941711,0.5911493897438049,0.8403246998786926,0.2671254277229309,0.2827126085758209,0.2992936968803406
36.hdf5,48,right,1200,0.0032246035989373922,0.0032246035989373922,0.2742236852645874,0.6196097135543823,0.8555970788002014,0.9468511939048767,0.9994405508041382,0.5504661202430725,0.8164704442024231,0.24098199605941772,0.2478252798318863,0.26392465829849243
37.hdf5,69,left,1725,0.0032246035989373922,0.0032246035989373922,0.32671836018562317,0.5949187874794006,0.7863602042198181,0.9379026889801025,0.9966358542442322,0.5389845371246338,0.9765445590019226,0.17160862684249878,0.18271978199481964,0.204267680644989
38.hdf5,97,right,2425,0.0032246035989373922,0.0032246035989373922,0.2660224139690399,0.5746427178382874,0.7293524742126465,0.8782548904418945,0.9915139079093933,0.4951172471046448,0.8403396010398865,0.25741034746170044,0.26103734970092773,0.2627865672111511
39.hdf5,87,right,2175,0.0032246035989373922,0.0032246035989373922,0.4233517050743103,0.7142722010612488,0.828948974609375,0.9162695407867432,0.9953487515449524,0.5959815382957458,0.7521700263023376,0.3492857813835144,0.3524244427680969,0.3556446433067322
4.hdf5,158,right,3950,0.0032246035989373922,0.0032246035989373922,0.2857730984687805,0.6295443773269653,0.7699852585792542,0.8752989768981934,0.994275689125061,0.5259029865264893,1.3137116432189941,0.19814109802246094,0.20104201138019562,0.20766842365264893
40.hdf5,315,left,7875,0.0032246035989373922,0.0032246035989373922,0.3818581998348236,0.7173497676849365,0.8309107422828674,0.940748393535614,0.9975310564041138,0.5905251502990723,1.0950236320495605,0.28603029251098633,0.2930765450000763,0.31362617015838623
41.hdf5,76,right,1900,0.0032246035989373922,0.0032246035989373922,0.28826606273651123,0.6426715850830078,0.8411178588867188,0.9422983527183533,0.9996813535690308,0.5492593050003052,0.8093269467353821,0.2678259015083313,0.283096045255661,0.3199877142906189
42.hdf5,69,right,1725,0.0032246035989373922,0.0032246035989373922,0.2792072296142578,0.6662722229957581,0.8587267398834229,0.9602989554405212,0.9984952211380005,0.5614007115364075,0.929659903049469,0.2013987898826599,0.21259470283985138,0.22673791646957397
43.hdf5,56,right,1400,0.0032246035989373922,0.0032246035989373922,0.23738057911396027,0.6615816354751587,0.8651230335235596,0.9604984521865845,0.9968668818473816,0.5497602820396423,1.3470820188522339,0.24271857738494873,0.24861785769462585,0.2568535804748535
44.hdf5,146,left,3650,0.0032246035989373922,0.0032246035989373922,0.38473591208457947,0.715110182762146,0.8376810550689697,0.9224986433982849,0.995392918586731,0.5908224582672119,1.2861249446868896,0.22833561897277832,0.2311396598815918,0.23541760444641113
45.hdf5,100,right,2500,0.0032246035989373922,0.0032246035989373922,0.3138357996940613,0.5726704001426697,0.7472695708274841,0.8633186221122742,0.9906458854675293,0.5088003277778625,0.8295533657073975,0.2675105333328247,0.2689843475818634,0.2706660032272339
46.hdf5,60,right,1500,0.0032246035989373922,0.0032246035989373922,0.26145637035369873,0.5835690498352051,0.8094685077667236,0.9222398996353149,0.9958204030990601,0.5243625640869141,0.8055253028869629,0.3034275770187378,0.3127667307853699,0.33870792388916016
47.hdf5,93,right,2325,0.0032246035989373922,0.0032246035989373922,0.36737239360809326,0.6863440871238708,0.8073960542678833,0.8890827894210815,0.9906343817710876,0.5667479634284973,0.7112104892730713,0.30538880825042725,0.31066012382507324,0.3175981044769287
48.hdf5,44,right,1100,0.003224603133276105,0.003224603133276105,0.23598037660121918,0.4873984456062317,0.8101072311401367,0.9036250710487366,0.9988510012626648,0.4985603988170624,1.1817973852157593,0.14239096641540527,0.1508200317621231,0.15684187412261963
49.hdf5,370,right,9250,0.003224603133276105,0.003224603133276105,0.24183063209056854,0.5724194049835205,0.7752678394317627,0.9035860300064087,0.9945725798606873,0.5060394406318665,1.269519567489624,0.25456762313842773,0.281607061624527,0.30853307247161865
5.hdf5,47,left,1175,0.0032246035989373922,0.0032246035989373922,0.21175959706306458,0.507596492767334,0.7656574845314026,0.945719838142395,0.9978535175323486,0.4869086742401123,0.9567416310310364,0.18408018350601196,0.18792103230953217,0.19542557001113892
50.hdf5,134,right,3350,0.0032246035989373922,0.0032246035989373922,0.4006582498550415,0.740517258644104,0.9007794857025146,0.9772915840148926,0.9997778534889221,0.6213505864143372,0.9513146281242371,0.156846821308136,0.1636054813861847,0.17303842306137085
51.hdf5,83,right,2075,0.0032246035989373922,0.0032246035989373922,0.35452789068222046,0.6884313821792603,0.8329026699066162,0.9235544204711914,0.9957110285758972,0.5659550428390503,0.7750608921051025,0.3255908489227295,0.32976892590522766,0.3339979648590088
52.hdf5,80,right,2000,0.0032246035989373922,0.0032246035989373922,0.40185546875,0.746147871017456,0.8583758473396301,0.9364625811576843,0.99617600440979,0.6075239181518555,0.7633046507835388,0.3229627013206482,0.3254854381084442,0.3317897915840149
53.hdf5,80,right,2000,0.003224603133276105,0.003224603133276105,0.3702697157859802,0.7140377759933472,0.8269488215446472,0.9022321701049805,0.9909366369247437,0.5802997946739197,0.7723042368888855,0.3292587399482727,0.33524325489997864,0.3391870856285095
54.hdf5,75,right,1875,0.0032246035989373922,0.0032246035989373922,0.30228501558303833,0.5970649123191833,0.8086146116256714,0.9455965757369995,0.9950273633003235,0.5379713773727417,1.3473104238510132,0.24788379669189453,0.2522372305393219,0.25729358196258545
55.hdf5,94,right,2350,0.0032246035989373922,0.0032246035989373922,0.25698888301849365,0.5519534349441528,0.7638543248176575,0.909707248210907,0.9995152354240417,0.5034410357475281,0.8094215989112854,0.23826748132705688,0.25637251138687134,0.2850256562232971
56.hdf5,65,right,1625,0.003224603133276105,0.003224603133276105,0.31433406472206116,0.5846137404441833,0.8168461918830872,0.9041379690170288,0.9969419836997986,0.5319316387176514,0.8875505328178406,0.148625910282135,0.15123465657234192,0.1554432511329651
57.hdf5,111,right,2775,0.0032246035989373922,0.0032246035989373922,0.29578524827957153,0.6316056847572327,0.8508131504058838,0.9401283860206604,0.998239278793335,0.5557938814163208,0.877527117729187,0.14288198947906494,0.14468130469322205,0.14792537689208984
58.hdf5,66,right,1650,0.003224603133276105,0.003224603133276105,0.2930925488471985,0.6627105474472046,0.8338378667831421,0.9208415150642395,0.9991335868835449,0.5589428544044495,0.7950559258460999,0.2709309458732605,0.2848127484321594,0.3255181908607483
59.hdf5,66,right,1650,0.0032246035989373922,0.0032246035989373922,0.25804603099823,0.5419867634773254,0.838650107383728,0.9370043873786926,0.9993887543678284,0.5218097567558289,0.8011828064918518,0.244564950466156,0.2604804039001465,0.2826513648033142
6.hdf5,93,right,2325,0.003224603133276105,0.003224603133276105,0.3175944685935974,0.7215486168861389,0.8605701327323914,0.9138064980506897,0.9979836344718933,0.583223283290863,1.0110987424850464,0.19408655166625977,0.2057168185710907,0.23021817207336426
60.hdf5,116,right,2900,0.0032246035989373922,0.0032246035989373922,0.3052034378051758,0.6409367322921753,0.7970543503761292,0.9075561165809631,0.9956324100494385,0.5412072539329529,0.775136411190033,0.31948667764663696,0.32250234484672546,0.32681554555892944
61.hdf5,85,right,2125,0.0032246035989373922,0.0032246035989373922,0.3545629382133484,0.61567223072052,0.742175281047821,0.8255994915962219,0.9843711256980896,0.5236671566963196,0.8163838982582092,0.265815794467926,0.26923680305480957,0.2714983820915222
62.hdf5,179,right,4475,0.0032246035989373922,0.0032246035989373922,0.2996896207332611,0.7039787769317627,0.8516116142272949,0.939326286315918,0.9975255727767944,0.5738706588745117,0.79478520154953,0.21785706281661987,0.2205822467803955,0.22528213262557983
63.hdf5,57,right,1425,0.0032246035989373922,0.0032246035989373922,0.2621825337409973,0.5663548111915588,0.8048500418663025,0.9132691025733948,0.9984835386276245,0.5179690718650818,0.8121135234832764,0.2629438638687134,0.2749575972557068,0.30531907081604004
64.hdf5,118,right,2950,0.0032246035989373922,0.0032246035989373922,0.22772294282913208,0.46082884073257446,0.7049677968025208,0.8798474669456482,0.9990178346633911,0.4582563042640686,0.8149704933166504,0.267612099647522,0.28337904810905457,0.32444512844085693
65.hdf5,204,right,5100,0.003224603133276105,0.003224603133276105,0.2689383625984192,0.5579127073287964,0.7531567215919495,0.9063659906387329,0.994387149810791,0.5042229890823364,0.835638701915741,0.2020280957221985,0.20398159325122833,0.20897704362869263
66.hdf5,60,right,1500,0.0032246035989373922,0.0032246035989373922,0.2653419077396393,0.6440616846084595,0.857388973236084,0.9620636105537415,0.9957026839256287,0.5553340911865234,1.284226655960083,0.23381149768829346,0.24048848450183868,0.24815571308135986
67.hdf5,127,right,3175,0.0032246035989373922,0.0032246035989373922,0.2742992043495178,0.6579525470733643,0.8329768180847168,0.9420656561851501,0.9976933002471924,0.5517179369926453,0.7996788024902344,0.2061547040939331,0.20744040608406067,0.20916306972503662
68.hdf5,175,right,4375,0.0032246035989373922,0.0032246035989373922,0.26529479026794434,0.6330031156539917,0.8071809411048889,0.9282416701316833,0.999132513999939,0.5388518571853638,0.8102222681045532,0.24081814289093018,0.25315481424331665,0.28691399097442627
69.hdf5,152,right,3800,0.0032246035989373922,0.0032246035989373922,0.2951889634132385,0.6265864372253418,0.8123743534088135,0.9295291304588318,0.9976773262023926,0.5386714339256287,0.8131967186927795,0.24583381414413452,0.24867714941501617,0.2524413466453552
7.hdf5,113,left,2825,0.0032246035989373922,0.0032246035989373922,0.2522231936454773,0.6296050548553467,0.8279712796211243,0.9578059315681458,0.9996345639228821,0.5359086394309998,1.2193430662155151,0.16480064392089844,0.17118635773658752,0.17978417873382568
70.hdf5,72,right,1800,0.0032246035989373922,0.0032246035989373922,0.4017232060432434,0.7399764060974121,0.8952422738075256,0.9782881736755371,0.9997304081916809,0.6187610030174255,0.9456428289413452,0.14213252067565918,0.14450649917125702,0.14783120155334473
71.hdf5,218,left,5450,0.0032246035989373922,0.0032246035989373922,0.2728345990180969,0.6485602855682373,0.8072972893714905,0.912064790725708,0.9966648817062378,0.5359920263290405,0.8253236413002014,0.29883962869644165,0.3056430518627167,0.3138834834098816
72.hdf5,251,left,6275,0.003224603133276105,0.003224603133276105,0.3394874334335327,0.6918128728866577,0.8216558694839478,0.9254255890846252,0.9971768260002136,0.5726380944252014,0.8245731592178345,0.3176048994064331,0.32493355870246887,0.33180010318756104
73.hdf5,68,right,1700,0.0032246035989373922,0.0032246035989373922,0.2511441707611084,0.5512552261352539,0.8044832944869995,0.88819819688797,0.9967663288116455,0.508743166923523,0.881044864654541,0.153908371925354,0.15542209148406982,0.15855062007904053
74.hdf5,82,right,2050,0.0032246035989373922,0.0032246035989373922,0.33405593037605286,0.6188761591911316,0.7776473760604858,0.875245988368988,0.9966284036636353,0.5331786870956421,1.0436111688613892,0.28818416595458984,0.29050207138061523,0.2930605411529541
75.hdf5,51,right,1275,0.0032246035989373922,0.0032246035989373922,0.21508845686912537,0.4529535472393036,0.7761508226394653,0.8948572278022766,0.9967988133430481,0.47914865612983704,0.9183154702186584,0.10508376359939575,0.11212307214736938,0.12725120782852173
76.hdf5,102,right,2550,0.003224603133276105,0.003224603133276105,0.2629915475845337,0.6085023880004883,0.8603437542915344,0.9581725001335144,0.9992344975471497,0.5456192493438721,1.0127239227294922,0.18031084537506104,0.18694840371608734,0.19793212413787842
77.hdf5,168,right,4200,0.0032246035989373922,0.0032246035989373922,0.35679298639297485,0.6979552507400513,0.8900607228279114,0.9693039655685425,0.9997497200965881,0.5951962471008301,0.8703885674476624,0.18422740697860718,0.19193756580352783,0.20908993482589722
78.hdf5,57,right,1425,0.0032246035989373922,0.0032246035989373922,0.3432747721672058,0.6377497315406799,0.8070647120475769,0.8804224133491516,0.9934960603713989,0.547676146030426,0.821550726890564,0.2840588092803955,0.28620898723602295,0.2886221408843994
79.hdf5,98,right,2450,0.0032246035989373922,0.0032246035989373922,0.404313862323761,0.790955662727356,0.9081332683563232,0.9717873334884644,0.9996986985206604,0.6324370503425598,0.9310790300369263,0.1750352382659912,0.1761786788702011,0.17857658863067627
8.hdf5,99,left,2475,0.0032246035989373922,0.0032246035989373922,0.3273746967315674,0.6804764866828918,0.8091533780097961,0.9152327179908752,0.9885791540145874,0.5589483976364136,0.834885835647583,0.1824040412902832,0.18498048186302185,0.18922722339630127
80.hdf5,111,right,2775,0.0032246035989373922,0.0032246035989373922,0.2584945559501648,0.534278929233551,0.7168285846710205,0.8513025641441345,0.9870859980583191,0.4792856276035309,0.8266741037368774,0.22888422012329102,0.2344629466533661,0.2388012409210205
81.hdf5,104,right,2600,0.0032246035989373922,0.0032246035989373922,0.4068969488143921,0.7750238180160522,0.8835859298706055,0.9564352035522461,0.9995375871658325,0.6205204129219055,0.9405218958854675,0.1842760443687439,0.18798646330833435,0.19157344102859497
82.hdf5,75,right,1875,0.0032246035989373922,0.0032246035989373922,0.33265435695648193,0.7050516605377197,0.888792097568512,0.9733002185821533,0.999758780002594,0.5948445200920105,1.5492569208145142,0.16122567653656006,0.16338984668254852,0.16822683811187744
83.hdf5,58,left,1450,0.0032246035989373922,0.0032246035989373922,0.2620326280593872,0.5753833055496216,0.7481490969657898,0.8428584933280945,0.9945682883262634,0.49417582154273987,0.8663389682769775,0.24254703521728516,0.24549168348312378,0.24762797355651855
84.hdf5,61,right,1525,0.0032246035989373922,0.0032246035989373922,0.38790038228034973,0.77850741147995,0.887234091758728,0.9523407816886902,0.9986381530761719,0.6140390038490295,1.4350101947784424,0.23791193962097168,0.24243733286857605,0.24862098693847656
85.hdf5,70,right,1750,0.0032246035989373922,0.0032246035989373922,0.4576043486595154,0.7843875885009766,0.8997126221656799,0.9713541865348816,0.9995488524436951,0.6421728730201721,0.9477242827415466,0.14637702703475952,0.14796972274780273,0.1493397355079651
86.hdf5,483,left,12075,0.003224603133276105,0.003224603133276105,0.2666952311992645,0.5557565093040466,0.8117432594299316,0.9173080921173096,0.9979165196418762,0.5147565007209778,1.278050422668457,0.27512049674987793,0.2946505844593048,0.3212355375289917
87.hdf5,115,right,2875,0.0032246035989373922,0.0032246035989373922,0.24739313125610352,0.5311176180839539,0.7361764311790466,0.8414129018783569,0.9896338582038879,0.47945117950439453,0.9608269333839417,0.2848060727119446,0.2879168391227722,0.2895696759223938
88.hdf5,155,right,3875,0.0032246035989373922,0.0032246035989373922,0.30720698833465576,0.5906133055686951,0.7567372918128967,0.9094337821006775,0.9995348453521729,0.5229810476303101,0.8082180619239807,0.24808305501937866,0.26412495970726013,0.28363853693008423
89.hdf5,89,left,2225,0.0032246035989373922,0.0032246035989373922,0.4698847830295563,0.7421360015869141,0.8595242500305176,0.9417089819908142,0.9946677088737488,0.6224246025085449,0.8325966596603394,0.1753479242324829,0.17808836698532104,0.1828705072402954
9.hdf5,63,right,1575,0.0032246035989373922,0.0032246035989373922,0.32061031460762024,0.653405487537384,0.8132220506668091,0.9086815714836121,0.997780978679657,0.5495859384536743,0.8089392185211182,0.2264465093612671,0.24459993839263916,0.2727397680282593
90.hdf5,73,right,1825,0.0032246035989373922,0.0032246035989373922,0.26157689094543457,0.5689233541488647,0.7719241380691528,0.926493227481842,0.998762845993042,0.5049654245376587,0.7954744696617126,0.26634734869003296,0.2796027958393097,0.29455095529556274
91.hdf5,69,right,1725,0.0032246035989373922,0.0032246035989373922,0.31179070472717285,0.5049406886100769,0.7879105806350708,0.895999014377594,0.9990358352661133,0.5008440017700195,0.898169219493866,0.14049547910690308,0.14574527740478516,0.15061348676681519
92.hdf5,154,right,3850,0.0032246035989373922,0.0032246035989373922,0.19036376476287842,0.4182531237602234,0.7359980344772339,0.9234490394592285,0.9960899949073792,0.44862669706344604,1.4953011274337769,0.2523941993713379,0.25712481141090393,0.25952935218811035
93.hdf5,69,right,1725,0.0032246035989373922,0.0032246035989373922,0.21696342527866364,0.5018283128738403,0.800646185874939,0.9740415811538696,0.9997314214706421,0.49805501103401184,1.2975668907165527,0.19671213626861572,0.19951340556144714,0.203926682472229
94.hdf5,49,right,1225,0.0032246035989373922,0.0032246035989373922,0.2845577597618103,0.6597890853881836,0.8622176051139832,0.9797368049621582,0.9995267987251282,0.5721796154975891,0.9743550419807434,0.14836126565933228,0.15146230161190033,0.1545150876045227
95.hdf5,140,left,3500,0.0032246035989373922,0.0032246035989373922,0.45022234320640564,0.7122153043746948,0.8429280519485474,0.9362064003944397,0.995188295841217,0.6020061373710632,0.8257178068161011,0.21811175346374512,0.21963292360305786,0.22182798385620117
96.hdf5,72,left,1800,0.0032246035989373922,0.0032246035989373922,0.18906170129776,0.4718444347381592,0.7546678185462952,0.8684234619140625,0.99703049659729,0.4636567533016205,1.0212208032608032,0.2599831819534302,0.2648932635784149,0.2701529264450073
97.hdf5,45,right,1125,0.0032246035989373922,0.0032246035989373922,0.2845432758331299,0.7125833034515381,0.8805872797966003,0.9586184620857239,0.9925150871276855,0.574060320854187,1.2934834957122803,0.17167651653289795,0.17820829153060913,0.18477177619934082
98.hdf5,71,right,1775,0.0032246035989373922,0.0032246035989373922,0.38535571098327637,0.6782728433609009,0.8135498762130737,0.9001085758209229,0.9960115551948547,0.5720289349555969,0.8791999816894531,0.17358863353729248,0.1804901510477066,0.19671928882598877
99.hdf5,69,right,1725,0.0032246035989373922,0.0032246035989373922,0.23454220592975616,0.5306079983711243,0.7754942178726196,0.9075145721435547,0.9975559711456299,0.4957219362258911,0.8075810670852661,0.2993072271347046,0.3019554018974304,0.30478334426879883
