episode,frames,left_x,left_y,left_z,right_x,right_y,right_z,active_hand,active_total_m,env_attr
0.hdf5,126,0.005066215991973877,0.0038248300552368164,0.004159271717071533,0.46188709139823914,0.1808592677116394,0.17536163330078125,right,0.8181079924106598,"table:metal, position:sitting, background:white, from:table, to:box lid, hand:ri"
1.hdf5,160,0.004133403301239014,0.0035794973373413086,0.0046035051345825195,0.4140584170818329,0.18526041507720947,0.28012514114379883,right,0.8794439733028412,"table:metal, position:sitting, background:white, from:table, to:box lid, hand:ri"
10.hdf5,143,0.02782393991947174,0.007868409156799316,0.0327279269695282,0.21065038442611694,0.17083847522735596,0.20885074138641357,right,0.5903396010398865,"tablecloth:none, position:sitting, background:blue, from:blue bowl, to:purple sc"
100.hdf5,217,0.15874038636684418,0.24106448888778687,0.2905983030796051,0.0033947527408599854,0.005396246910095215,0.006583154201507568,left,0.6904031783342361,"tablecloth:pink, position:sitting, background:lavender, from:table, to:tupperwar"
101.hdf5,231,0.0045552849769592285,0.005519270896911621,0.004079699516296387,0.40717488527297974,0.11581122875213623,0.11125946044921875,right,0.6342455744743347,"table:metal, position:sitting, background:white, from:table, to:black case, hand"
102.hdf5,100,0.08711306750774384,0.1528416872024536,0.11563816666603088,0.11215080320835114,0.08386820554733276,0.08014783263206482,left,0.35559292137622833,"table:metal, tablecloth:red, position:sitting, background:lavender, from:table, "
103.hdf5,79,0.0016234815120697021,0.0010849833488464355,0.00413745641708374,0.19497115910053253,0.18762058019638062,0.1268635392189026,right,0.5094552785158157,"tablecloth:pink, position:sitting, background:lavender, from:table, to:orangebow"
104.hdf5,131,0.2845790982246399,0.2049959897994995,0.18730127811431885,0.002370215952396393,0.0007303953170776367,0.001422971487045288,left,0.6768763661384583,"tablecloth:pink, position:sitting, background:lavender, from:table, to:bluebowl,"
105.hdf5,59,0.2781198024749756,0.09714615345001221,0.03669571876525879,0.008886158466339111,0.019559025764465332,0.005287375301122665,left,0.4119616746902466,"tablecloth:blue, position:sitting, background:pink, from:table, to:green bowl, h"
106.hdf5,59,0.02024821937084198,0.008774518966674805,0.01625622808933258,0.13435707986354828,0.10095542669296265,0.13013947010040283,right,0.36545197665691376,"tablecloth:blue, position:sitting, background:pink, from:table, to:green bowl, h"
107.hdf5,56,0.002812325954437256,0.001055896282196045,0.0021061301231384277,0.32416918873786926,0.16869068145751953,0.15717756748199463,right,0.6500374376773834,"table:metal, position:sitting, background:white, from:table, to:bowl, hand:right"
108.hdf5,342,0.17774030566215515,0.21871715784072876,0.2921009361743927,0.007483348250389099,0.004811465740203857,0.01371997594833374,left,0.6885583996772766,"table:wood, position:sitting, background:white, from:white round table, to:white"
109.hdf5,77,0.002705320715904236,0.0035077333450317383,0.0015341341495513916,0.13935908675193787,0.25741440057754517,0.22115623950958252,right,0.6179297268390656,"table:wood, position:sitting, background:brown, from:red cup, to:table, hand:rig"
11.hdf5,185,0.10576200485229492,0.49819400906562805,0.28921812772750854,0.256671667098999,0.2582020163536072,0.2168622612953186,left,0.8931741416454315,"tablecloth:none, position:sitting, background:blue, from:yellow bowl, to:blue pl"
110.hdf5,48,0.18180088698863983,0.12652981281280518,0.07933565974235535,0.020180881023406982,0.050740957260131836,0.023345112800598145,left,0.38766635954380035,"tablecloth:blue, position:sitting, background:pink, from:table, to:green bowl, h"
111.hdf5,60,0.0012593865394592285,0.0010499358177185059,0.004201263189315796,0.21462228894233704,0.17408978939056396,0.06747841835021973,right,0.4561904966831207,"tablecloth:pink, position:sitting, background:lavender, from:table, to:yellowbow"
112.hdf5,55,0.0062498003244400024,0.0021758973598480225,0.00854635238647461,0.1377142071723938,0.07159370183944702,0.08960181474685669,right,0.2989097237586975,"tablecloth:blue, position:sitting, background:pink, from:table, to:green bowl, h"
113.hdf5,74,0.007945120334625244,0.004940688610076904,0.0029366612434387207,0.2830086946487427,0.18102920055389404,0.18200677633285522,right,0.6460446715354919,"table:metal, position:sitting, background:white, from:teacup, to:bowl, hand:righ"
114.hdf5,315,0.42442819476127625,0.16185951232910156,0.19514203071594238,0.002698659896850586,0.0026481151580810547,0.0021723806858062744,left,0.7814297378063202,"table:wood, position:sitting, background:white, from:gray tray, to:blue bowl, ha"
115.hdf5,50,0.0036976560950279236,0.0019121170043945312,0.004458218812942505,0.10851943492889404,0.11567318439483643,0.09707748889923096,right,0.3212701082229614,"tablecloth:blue, position:sitting, background:pink, from:table, to:green bowl, h"
116.hdf5,120,0.399326354265213,0.21585702896118164,0.21798360347747803,0.014073669910430908,0.004571676254272461,0.0045531392097473145,left,0.8331669867038727,"tablecloth:none, position:sitting, background:blue, from:table, to:green bowl, h"
117.hdf5,302,0.41038429737091064,0.19610095024108887,0.14558729529380798,0.0026452839374542236,0.0028890371322631836,0.0027619004249572754,left,0.7520725429058075,"table:wood, position:sitting, background:white, from:silver tray, to:purple scoo"
118.hdf5,61,0.0011230409145355225,0.0007725358009338379,0.0019457340240478516,0.10688164830207825,0.1713484525680542,0.14489999413490295,right,0.4231300950050354,"tablecloth:pink, position:sitting, background:lavender, from:table, to:yellowbow"
119.hdf5,120,0.0014282166957855225,0.0011485815048217773,0.0014206767082214355,0.20593160390853882,0.09981149435043335,0.08030742406845093,right,0.3860505223274231,"table:metal, tablecloth:red, position:sitting, background:lavender, from:table, "
12.hdf5,96,0.004188716411590576,0.002914130687713623,0.003016144037246704,0.20602160692214966,0.22719645500183105,0.17095348238945007,right,0.6041715443134308,"table:wood, position:sitting, background:brown, from:orange bowl, to:yellow plat"
120.hdf5,93,0.13327071070671082,0.19617605209350586,0.09096457064151764,0.12069781124591827,0.16758346557617188,0.13266748189926147,right,0.4209487587213516,"table:metal, tablecloth:red, position:sitting, background:lavender, from:table, "
121.hdf5,80,0.0024577677249908447,0.0013480782508850098,0.008730530738830566,0.22178173065185547,0.10639595985412598,0.07256561517715454,right,0.400743305683136,"table:metal, position:sitting, background:white, from:teacup, to:plate, hand:rig"
122.hdf5,230,0.003459930419921875,0.0034583210945129395,0.004847019910812378,0.27693676948547363,0.1855224370956421,0.20560812950134277,right,0.6680673360824585,"tablecloth:none, position:sitting, background:blue, from:dark blue bowl, to:cont"
123.hdf5,103,0.10490518808364868,0.07758355140686035,0.05483728647232056,0.26333779096603394,0.08150219917297363,0.08163481950759888,right,0.42647480964660645,"table:metal, tablecloth:red, position:sitting, background:lavender, from:table, "
124.hdf5,279,0.002796381711959839,0.001858055591583252,0.005055159330368042,0.11985111236572266,0.16714733839035034,0.3409886360168457,right,0.6279870867729187,"table:wood, position:sitting, background:white, from:gray tray, to:pink bowl, ha"
125.hdf5,70,0.007256835699081421,0.00823068618774414,0.003981202840805054,0.18935218453407288,0.16157865524291992,0.17132169008255005,right,0.5222525298595428,"table:wood, position:sitting, background:white, from:gray Tupperware, to:metal t"
126.hdf5,76,0.0010017454624176025,0.0005417466163635254,0.0015887618064880371,0.2540853023529053,0.1986452341079712,0.13525626063346863,right,0.5879867970943451,"tablecloth:pink, position:sitting, background:lavender, from:table, to:graytray,"
127.hdf5,100,0.0038865208625793457,0.0007033348083496094,0.0028720200061798096,0.09299562871456146,0.2542738914489746,0.21830296516418457,right,0.5655724853277206,"tablecloth:pink, position:sitting, background:lavender, from:table, to:bluebowl,"
128.hdf5,136,0.002714216709136963,0.0033412575721740723,0.013699620962142944,0.3235580027103424,0.1352611780166626,0.2942165434360504,right,0.7530357241630554,"table:metal, position:sitting, background:white, from:table, to:black case, hand"
129.hdf5,104,0.0018867850303649902,0.0006653070449829102,0.00343438982963562,0.20898637175559998,0.2076956033706665,0.17727786302566528,right,0.5939598381519318,"table:wood, position:sitting, background:brown, from:orange bowl, to:clear tuppe"
13.hdf5,66,0.0013059675693511963,0.0008170008659362793,0.002829313278198242,0.31918734312057495,0.1588725447654724,0.16698426008224487,right,0.6450441479682922,"table:metal, position:sitting, background:white, from:teacup, to:bowl, hand:righ"
130.hdf5,197,0.00916309654712677,0.008155584335327148,0.015726298093795776,0.2649051547050476,0.19040942192077637,0.23482179641723633,right,0.6901363730430603,"tablecloth:none, position:sitting, background:blue, from:green bowl, to:large co"
131.hdf5,142,0.07277733087539673,0.17683827877044678,0.12927737832069397,0.11615513265132904,0.15795183181762695,0.0993606448173523,left,0.3788929879665375,"table:metal, tablecloth:red, position:sitting, background:lavender, from:table, "
132.hdf5,112,0.2980833053588867,0.18416094779968262,0.11059537529945374,0.0022980570793151855,0.002027273178100586,0.004179894924163818,left,0.5928396284580231,"tablecloth:none, position:sitting, background:blue, from:table, to:blue bowl, ha"
133.hdf5,233,0.29828280210494995,0.29440921545028687,0.37502074241638184,0.01979467272758484,0.008810102939605713,0.026523172855377197,left,0.9677127599716187,"tablecloth:none, position:sitting, background:blue, from:container lid, to:conta"
134.hdf5,94,0.002234041690826416,0.0025590062141418457,0.009926676750183105,0.2967085540294647,0.13064521551132202,0.27291834354400635,right,0.7002721130847931,"table:metal, position:sitting, background:white, from:table, to:brown basket, ha"
135.hdf5,138,0.031877875328063965,0.007720619440078735,0.039928972721099854,0.1396244317293167,0.08699291944503784,0.0888216495513916,right,0.31543900072574615,"table:metal, tablecloth:red, position:sitting, background:lavender, from:table, "
136.hdf5,85,0.0024029314517974854,0.0017011165618896484,0.002111077308654785,0.24830736219882965,0.11528164148330688,0.12381932139396667,right,0.4874083250761032,"table:metal, position:sitting, background:white, from:table, to:chessboard, hand"
137.hdf5,94,0.0022828280925750732,0.000980079174041748,0.0037149786949157715,0.10614210367202759,0.08464568853378296,0.11334991455078125,right,0.3041377067565918,"table:metal, tablecloth:red, position:sitting, background:lavender, from:table, "
138.hdf5,65,0.0009145736694335938,0.0006816387176513672,0.004083484411239624,0.16982583701610565,0.20827233791351318,0.1324215829372406,right,0.5105197578668594,"tablecloth:pink, position:sitting, background:lavender, from:table, to:yellowbow"
139.hdf5,62,0.015687478706240654,0.013465702533721924,0.021138310432434082,0.11017921566963196,0.11029154062271118,0.05827203392982483,right,0.27874279022216797,"tablecloth:blue, position:sitting, background:pink, from:table, to:green bowl, h"
14.hdf5,61,0.003512352705001831,0.0006008744239807129,0.0031031370162963867,0.25056856870651245,0.13313919305801392,0.06436902284622192,right,0.4480767846107483,"table:metal, position:sitting, background:white, from:teacup, to:bowl, hand:righ"
140.hdf5,103,0.0033011138439178467,0.0032545924186706543,0.003125905990600586,0.4094613790512085,0.15617984533309937,0.17738813161849976,right,0.7430293560028076,"table:metal, position:sitting, background:white, from:table, to:brown basket, ha"
141.hdf5,61,0.0009138584136962891,0.0007950663566589355,0.0017157793045043945,0.24387317895889282,0.0912829041481018,0.07951447367668152,right,0.41467055678367615,"table:metal, position:sitting, background:white, from:table, to:chessboard, hand"
142.hdf5,80,0.0017478466033935547,0.002064526081085205,0.0036787688732147217,0.08236627280712128,0.19515985250473022,0.16875070333480835,right,0.44627682864665985,"tablecloth:pink, position:sitting, background:lavender, from:table, to:graybowl,"
143.hdf5,119,0.012085825204849243,0.0011851787567138672,0.010082811117172241,0.2498631477355957,0.18965864181518555,0.18829679489135742,right,0.6278185844421387,"table:wood, position:sitting, background:brown, from:light blue bowl, to:orange "
144.hdf5,83,0.002554863691329956,0.003082573413848877,0.004405319690704346,0.11839449405670166,0.12558859586715698,0.14352424442768097,right,0.3875073343515396,"table:wood, position:sitting, background:white, from:table, to:clear tupperware,"
145.hdf5,296,0.22447234392166138,0.1793290376663208,0.14296197891235352,0.0029586702585220337,0.0020313262939453125,0.0035993456840515137,left,0.5467633605003357,"table:wood, position:sitting, background:white, from:red plate, to:gray tray, ha"
146.hdf5,114,0.2724302113056183,0.2565748691558838,0.1570269763469696,0.0026282966136932373,0.006991326808929443,0.0017986595630645752,left,0.6860320568084717,"tablecloth:none, position:sitting, background:blue, from:blue bowl, to:green bow"
147.hdf5,205,0.22627125680446625,0.24962681531906128,0.18003949522972107,0.0093974769115448,0.0026628971099853516,0.011080950498580933,left,0.6559375673532486,"table:wood, position:sitting, background:white, from:turquoise basket, to:silver"
148.hdf5,90,0.003411233425140381,0.0024567246437072754,0.006014525890350342,0.4548684358596802,0.2187555432319641,0.05467492341995239,right,0.7282989025115967,"table:metal, position:sitting, background:white, from:drawer, to:box, hand:right"
149.hdf5,123,0.00475466251373291,0.0019720792770385742,0.002206087112426758,0.2653462886810303,0.14923721551895142,0.21817192435264587,right,0.6327554285526276,"tablecloth:none, position:sitting, background:blue, from:table, to:red plate, ha"
15.hdf5,51,0.2654154300689697,0.09875607490539551,0.13381674885749817,0.13097834587097168,0.23018252849578857,0.33300891518592834,right,0.6941697895526886,"tablecloth:blue, position:sitting, background:pink, from:table, to:green bowl, h"
150.hdf5,57,0.0014160871505737305,0.0014110803604125977,0.0032883137464523315,0.2641695737838745,0.13856953382492065,0.1923747956752777,right,0.5951139032840729,"table:metal, position:sitting, background:white, from:table, to:plate, hand:righ"
151.hdf5,119,0.0018898993730545044,0.005465030670166016,0.004891753196716309,0.19786347448825836,0.20576190948486328,0.23533055186271667,right,0.6389559358358383,"tablecloth:none, position:sitting, background:blue, from:blue bowl, to:small con"
152.hdf5,66,0.001347959041595459,0.0010461807250976562,0.0022545158863067627,0.36022526025772095,0.19994139671325684,0.13023093342781067,right,0.6903975903987885,"table:metal, position:sitting, background:white, from:baking tray, to:bowl, hand"
153.hdf5,106,0.003528892993927002,0.0010987520217895508,0.0018874406814575195,0.30691275000572205,0.11424446105957031,0.15870559215545654,right,0.5798628032207489,"table:wood, position:sitting, background:white, from:table, to:gray Tupperware, "
154.hdf5,97,0.0033986568450927734,0.0014784932136535645,0.003955721855163574,0.5016425251960754,0.20093309879302979,0.189289391040802,right,0.8918650150299072,"table:metal, position:sitting, background:white, from:table, to:speaker case, ha"
155.hdf5,59,0.0016907155513763428,0.0005875825881958008,0.0045185089111328125,0.33443790674209595,0.14909446239471436,0.2285749912261963,right,0.7121073603630066,"table:metal, position:sitting, background:white, from:table, to:bowl, hand:right"
156.hdf5,465,0.24950945377349854,0.1850600242614746,0.30548492074012756,0.024659574031829834,0.004431724548339844,0.027230411767959595,left,0.7400543987751007,"table:wood, position:sitting, background:white, from:clear tupperware, to:transp"
157.hdf5,58,0.0019620656967163086,0.0007327795028686523,0.0015208125114440918,0.30869370698928833,0.13896995782852173,0.106392502784729,right,0.5540561676025391,"table:metal, position:sitting, background:white, from:teacup, to:bowl, hand:righ"
158.hdf5,45,0.020651474595069885,0.010527372360229492,0.00795726478099823,0.13473716378211975,0.09987795352935791,0.03939327597618103,right,0.2740083932876587,"tablecloth:blue, position:sitting, background:pink, from:table, to:green bowl, h"
159.hdf5,49,0.15306557714939117,0.09018206596374512,0.049149900674819946,0.004913657903671265,0.0027800798416137695,0.003193376585841179,left,0.29239754378795624,"tablecloth:blue, position:sitting, background:pink, from:table, to:green bowl, h"
16.hdf5,120,0.0497940331697464,0.007820487022399902,0.0073729269206523895,0.23294250667095184,0.20429879426956177,0.15501733124256134,right,0.592258632183075,"table:metal, tablecloth:red, position:sitting, background:lavender, from:table, "
160.hdf5,111,0.26161298155784607,0.21992003917694092,0.2659798264503479,0.003526657819747925,0.003566265106201172,0.0037007927894592285,left,0.7475128471851349,"tablecloth:none, position:sitting, background:blue, from:table, to:blue bowl, ha"
161.hdf5,71,0.01000124029815197,0.00536876916885376,0.0006120353937149048,0.1528301239013672,0.10962307453155518,0.06649419665336609,right,0.32894739508628845,"table:wood, position:sitting, background:white, from:table, to:yellow bowl, hand"
162.hdf5,89,0.006687194108963013,0.0007392764091491699,0.0038221776485443115,0.09040048718452454,0.028999686241149902,0.08192813396453857,right,0.201328307390213,"table:metal, tablecloth:red, position:sitting, background:lavender, from:table, "
163.hdf5,73,0.00421375036239624,0.0037073493003845215,0.004082858562469482,0.3543735146522522,0.13776004314422607,0.09594035148620605,right,0.5880739092826843,"table:metal, position:sitting, background:white, from:table, to:box, hand:right"
164.hdf5,116,0.0056648850440979,0.0026667118072509766,0.01234889030456543,0.34179234504699707,0.24873268604278564,0.21902596950531006,right,0.8095510005950928,"tablecloth:none, position:sitting, background:blue, from:yellow bowl, to:contain"
165.hdf5,111,0.004735816270112991,0.004240572452545166,0.0030291378498077393,0.2933237552642822,0.21321755647659302,0.2626289427280426,right,0.7691702544689178,"tablecloth:none, position:sitting, background:blue, from:pink bowl, to:blue bowl"
166.hdf5,101,0.004000961780548096,0.002037942409515381,0.003512144088745117,0.3640843629837036,0.14405685663223267,0.19494926929473877,right,0.703090488910675,"table:metal, position:sitting, background:white, from:table, to:speaker case, ha"
167.hdf5,156,0.004851400852203369,0.0031690001487731934,0.0019106864929199219,0.3525909185409546,0.20677953958511353,0.22052481770515442,right,0.7798952758312225,"tablecloth:none, position:sitting, background:blue, from:gray tray, to:blue bowl"
168.hdf5,141,0.2966924011707306,0.1400296688079834,0.07720807194709778,0.05319225788116455,0.012056350708007812,0.020299017429351807,left,0.5139301419258118,"tablecloth:none, position:sitting, background:blue, from:table, to:pink bowl, ha"
169.hdf5,122,0.003153771162033081,0.001787722110748291,0.005903869867324829,0.1490635722875595,0.1989920735359192,0.18944776058197021,right,0.5375034064054489,"table:wood, position:sitting, background:brown, from:table, to:tray, hand:right"
17.hdf5,60,0.021969124674797058,0.0043669939041137695,0.013056591153144836,0.17235858738422394,0.1138409972190857,0.08704489469528198,right,0.3732444792985916,"tablecloth:blue, position:sitting, background:pink, from:table, to:green bowl, h"
170.hdf5,125,0.006381034851074219,0.003732621669769287,0.009351193904876709,0.41715148091316223,0.15676754713058472,0.11340552568435669,right,0.6873245537281036,"table:metal, position:sitting, background:white, from:table, to:box, hand:right"
171.hdf5,67,0.002811610698699951,0.0030239224433898926,0.008984029293060303,0.2730981111526489,0.16613715887069702,0.11159756779670715,right,0.5508328378200531,"tablecloth:pink, position:sitting, background:lavender, from:table, to:tupperwar"
172.hdf5,64,0.020094767212867737,0.00891035795211792,0.02751057595014572,0.08831024169921875,0.13422870635986328,0.16109967231750488,right,0.3836386203765869,"tablecloth:blue, position:sitting, background:pink, from:table, to:green bowl, h"
173.hdf5,81,0.0010686814785003662,0.002978980541229248,0.0024431347846984863,0.39090585708618164,0.16574347019195557,0.1957201361656189,right,0.7523694634437561,"table:metal, position:sitting, background:white, from:baking tray, to:Tupperware"
174.hdf5,105,0.004268929362297058,0.0015459060668945312,0.002667546272277832,0.2965432405471802,0.2054734230041504,0.16029658913612366,right,0.6623132526874542,"tablecloth:pink, position:sitting, background:lavender, from:table, to:bluebowl,"
175.hdf5,76,0.017364278435707092,0.002884209156036377,0.0063913315534591675,0.07447195053100586,0.07782495021820068,0.06686580181121826,right,0.2191627025604248,"table:metal, tablecloth:red, position:sitting, background:lavender, from:table, "
176.hdf5,158,0.05639377236366272,0.08385670185089111,0.21403682231903076,0.37092968821525574,0.22870290279388428,0.21047601103782654,right,0.8101086020469666,"tablecloth:none, position:sitting, background:blue, from:utensil drying rack, to"
177.hdf5,67,0.0011116564273834229,0.000858306884765625,0.005453526973724365,0.36439743638038635,0.14470994472503662,0.11855411529541016,right,0.6276614964008331,"table:metal, position:sitting, background:white, from:table, to:bowl, hand:right"
178.hdf5,140,0.3278062641620636,0.21764898300170898,0.11558398604393005,0.003252089023590088,0.0014367103576660156,0.002644181251525879,left,0.6610392332077026,"tablecloth:none, position:sitting, background:blue, from:table, to:yellow bowl, "
179.hdf5,398,0.21662411093711853,0.18966186046600342,0.3769308924674988,0.00786525011062622,0.005047202110290527,0.032485246658325195,left,0.7832168638706207,"table:wood, position:sitting, background:white, from:gray tray, to:red plate, ha"
18.hdf5,92,0.009898006916046143,0.0013908147811889648,0.00461578369140625,0.23869891464710236,0.25519859790802,0.1861582100391388,right,0.6800557225942612,"table:wood, position:sitting, background:brown, from:light blue bowl, to:orange "
180.hdf5,38,0.004506707191467285,0.0010144710540771484,0.000660240650177002,0.15268057584762573,0.049454689025878906,0.06584084033966064,right,0.2679761052131653,"table:wood, position:sitting, background:white, from:table, to:gray bowl, hand:r"
181.hdf5,98,0.0011391043663024902,0.0009474754333496094,0.004346467554569244,0.11074084043502808,0.09093481302261353,0.11098283529281616,right,0.31265848875045776,"table:metal, tablecloth:red, position:sitting, background:lavender, from:table, "
182.hdf5,69,0.00041943788528442383,0.000639796257019043,0.0010935664176940918,0.2311648279428482,0.184797465801239,0.1249149739742279,right,0.5408772677183151,"tablecloth:pink, position:sitting, background:lavender, from:table, to:yellowbow"
183.hdf5,84,0.016415148973464966,0.015695154666900635,0.020482778549194336,0.2522095739841461,0.21702444553375244,0.18589961528778076,right,0.6551336348056793,"tablecloth:pink, position:sitting, background:lavender, from:table, to:orangebow"
184.hdf5,67,0.0015869289636611938,0.0024110078811645508,0.0015676617622375488,0.07358293235301971,0.18890798091888428,0.1845126748085022,right,0.4470035880804062,"table:wood, position:sitting, background:brown, from:red cup, to:table, hand:rig"
185.hdf5,229,0.0010018795728683472,0.0014404058456420898,0.003610461950302124,0.19493483006954193,0.19700586795806885,0.12817957997322083,right,0.5201202780008316,"tablecloth:pink, position:sitting, background:lavender, from:table, to:graybowl,"
186.hdf5,47,0.05172548443078995,0.015693187713623047,0.009909115731716156,0.12387648969888687,0.05358457565307617,0.14344733953475952,right,0.32090840488672256,"tablecloth:blue, position:sitting, background:pink, from:table, to:green bowl, h"
187.hdf5,62,0.3158799111843109,0.1520777940750122,0.05088046193122864,0.0567966029047966,0.11435741186141968,0.0671672448515892,left,0.5188381671905518,"tablecloth:blue, position:sitting, background:pink, from:table, to:green bowl, h"
188.hdf5,165,0.00268477201461792,0.0036603808403015137,0.0034071803092956543,0.330325186252594,0.23258519172668457,0.22178328037261963,right,0.7846936583518982,"tablecloth:none, position:sitting, background:blue, from:container, to:sweeper, "
189.hdf5,141,0.0029117465019226074,0.0014505386352539062,0.001683950424194336,0.18964625895023346,0.18903779983520508,0.23490890860557556,right,0.6135929673910141,"tablecloth:none, position:sitting, background:blue, from:table, to:red plate, ha"
19.hdf5,145,0.19558651745319366,0.15808343887329102,0.124735027551651,0.008406758308410645,0.003928780555725098,0.0024007558822631836,left,0.4784049838781357,"tablecloth:none, position:sitting, background:blue, from:table, to:blue bowl, ha"
190.hdf5,171,0.0069693922996521,0.005449652671813965,0.0034143030643463135,0.2686031460762024,0.19969606399536133,0.16539266705513,right,0.6336918771266937,"tablecloth:none, position:sitting, background:blue, from:gray tray, to:blue bowl"
191.hdf5,134,0.003495633602142334,0.0026091933250427246,0.0030950605869293213,0.4119027554988861,0.1851378083229065,0.09308066964149475,right,0.6901212334632874,"table:metal, position:sitting, background:white, from:brown box, to:mini drawer,"
192.hdf5,125,0.1324348747730255,0.1626083254814148,0.05937469005584717,0.07467440515756607,0.08095228672027588,0.07660529017448425,left,0.3544178903102875,"table:metal, tablecloth:red, position:sitting, background:lavender, from:table, "
193.hdf5,131,0.011608779430389404,0.001700758934020996,0.0205419659614563,0.25490623712539673,0.23391759395599365,0.2127397060394287,right,0.7015635371208191,"tablecloth:none, position:sitting, background:blue, from:yellow bowl, to:blue pl"
194.hdf5,131,0.005261018872261047,0.0021683573722839355,0.007410794496536255,0.23835162818431854,0.2184586524963379,0.2381993681192398,right,0.6950096487998962,"tablecloth:none, position:sitting, background:blue, from:yellow bowl, to:blue pl"
195.hdf5,87,0.02290600910782814,0.003473043441772461,0.007969141006469727,0.311711847782135,0.14232373237609863,0.22345465421676636,right,0.677490234375,"table:wood, position:sitting, background:white, from:table, to:yellow plate, han"
196.hdf5,133,0.16809804737567902,0.054216623306274414,0.10619649291038513,0.30469924211502075,0.17732185125350952,0.26801958680152893,right,0.7500406801700592,"table:metal, tablecloth:red, position:sitting, background:lavender, from:table, "
197.hdf5,46,0.012231078930199146,0.014920592308044434,0.029218077659606934,0.12702135741710663,0.07211053371429443,0.15058091282844543,right,0.3497128039598465,"tablecloth:blue, position:sitting, background:pink, from:table, to:green bowl, h"
198.hdf5,113,0.0009420216083526611,0.003712594509124756,0.0014515519142150879,0.17017000913619995,0.1769500970840454,0.30971282720565796,right,0.6568329334259033,"table:wood, position:sitting, background:white, from:yellow plate, to:clear Tupp"
199.hdf5,70,0.001732468605041504,0.0007780194282531738,0.00312197208404541,0.1355753391981125,0.198289155960083,0.169361412525177,right,0.5032259076833725,"tablecloth:pink, position:sitting, background:lavender, from:table, to:yellowbow"
2.hdf5,307,0.013813525438308716,0.0020002126693725586,0.027592599391937256,0.13987210392951965,0.24409592151641846,0.35927724838256836,right,0.7432452738285065,"table:wood, position:sitting, background:white, from:clear tupperware, to:blue b"
20.hdf5,206,0.27729320526123047,0.24353158473968506,0.24307069182395935,0.0036578774452209473,0.002790093421936035,0.0015955567359924316,left,0.7638954818248749,"table:wood, position:sitting, background:white, from:pink bowl, to:blue bowl, ha"
200.hdf5,94,0.0018479973077774048,0.0006726384162902832,0.0011503398418426514,0.2409731149673462,0.10482901334762573,0.09482187032699585,right,0.4406239986419678,"table:wood, position:sitting, background:white, from:gray tray, to:clear Tupperw"
201.hdf5,94,0.000569663941860199,0.0008533000946044922,0.0009296536445617676,0.07103686034679413,0.08306074142456055,0.1112639307975769,right,0.2653615325689316,"table:wood, position:sitting, background:white, from:yellow plate, to:clear Tupp"
202.hdf5,176,0.0057901740074157715,0.002969026565551758,0.01057577133178711,0.5028355717658997,0.1711827516555786,0.1614987552165985,right,0.8355170786380768,"table:metal, position:sitting, background:white, from:brown box, to:mini drawer,"
203.hdf5,139,0.35566246509552,0.18942397832870483,0.1715153455734253,0.0037949681282043457,0.002466857433319092,0.0027528107166290283,left,0.7166017889976501,"tablecloth:none, position:sitting, background:blue, from:table, to:turquoise bow"
204.hdf5,62,0.021785929799079895,0.004376590251922607,0.014132440090179443,0.1021052747964859,0.08608907461166382,0.06975740194320679,right,0.2579517513513565,"table:metal, tablecloth:red, position:sitting, background:lavender, from:table, "
205.hdf5,122,0.0031385868787765503,0.0016291141510009766,0.002160876989364624,0.05442444235086441,0.1666114330291748,0.22822695970535278,right,0.449262835085392,"table:wood, position:sitting, background:white, from:table, to:gray Tupperware, "
206.hdf5,332,0.010859236121177673,0.00537264347076416,0.013259828090667725,0.16635984182357788,0.2165902853012085,0.3135663568973541,right,0.6965164840221405,"table:wood, position:sitting, background:white, from:gray tray, to:blue plate, h"
207.hdf5,50,0.00036767125129699707,0.0006889104843139648,0.0028028488159179688,0.4030725359916687,0.18321502208709717,0.08915531635284424,right,0.6754428744316101,"table:metal, position:sitting, background:white, from:table, to:bowl, hand:right"
208.hdf5,98,0.007073953747749329,0.005206763744354248,0.007313460111618042,0.20646396279335022,0.22873222827911377,0.21989789605140686,right,0.6550940871238708,"tablecloth:pink, position:sitting, background:lavender, from:table, to:tupperwar"
209.hdf5,123,0.22320613265037537,0.1808968186378479,0.17962902784347534,0.003206700086593628,0.002012014389038086,0.0021920204162597656,left,0.5837319791316986,"tablecloth:none, position:sitting, background:blue, from:sweeper, to:container, "
21.hdf5,140,0.0329049676656723,0.10513412952423096,0.037718191742897034,0.27479085326194763,0.13070964813232422,0.11564400792121887,right,0.5211445093154907,"tablecloth:blue, position:sitting, background:pink, from:table, to:green bowl, h"
210.hdf5,172,0.28489604592323303,0.16704076528549194,0.27649813890457153,0.007116079330444336,0.0039147138595581055,0.0052491724491119385,left,0.7284349501132965,"tablecloth:none, position:sitting, background:blue, from:table, to:blue pan, han"
211.hdf5,58,0.0022704899311065674,0.002779841423034668,0.001113593578338623,0.36862805485725403,0.15213513374328613,0.12235468626022339,right,0.6431178748607635,"table:metal, position:sitting, background:white, from:table, to:lid, hand:right"
212.hdf5,102,0.17936798930168152,0.12247687578201294,0.20496708154678345,0.0015281140804290771,0.0010388493537902832,0.0023110508918762207,left,0.5068119466304779,"tablecloth:none, position:sitting, background:blue, from:table, to:purple scoop,"
213.hdf5,52,0.01475747674703598,0.00592648983001709,0.012598607689142227,0.11193205416202545,0.07406198978424072,0.04112967848777771,right,0.22712372243404388,"tablecloth:blue, position:sitting, background:pink, from:table, to:green bowl, h"
214.hdf5,62,0.001147240400314331,0.0009400844573974609,0.004044175148010254,0.4418039619922638,0.1488654613494873,0.0579797625541687,right,0.6486491858959198,"table:metal, position:sitting, background:white, from:table, to:bowl, hand:right"
215.hdf5,49,0.011564226821064949,0.0023335814476013184,0.003029182553291321,0.07360514998435974,0.06210893392562866,0.042544931173324585,right,0.178259015083313,"tablecloth:blue, position:sitting, background:pink, from:table, to:green bowl, h"
216.hdf5,75,0.003713667392730713,0.0010157227516174316,0.004510402679443359,0.34882044792175293,0.16277599334716797,0.2255474328994751,right,0.737143874168396,"table:metal, position:sitting, background:white, from:table, to:plate, hand:righ"
217.hdf5,144,0.23466843366622925,0.24038976430892944,0.20361322164535522,0.004471451044082642,0.0028876066207885742,0.003232806921005249,left,0.6786714196205139,"tablecloth:none, position:sitting, background:blue, from:blue bowl, to:green bow"
218.hdf5,124,0.0007607340812683105,0.0015503168106079102,0.0016894042491912842,0.2866745889186859,0.18411874771118164,0.1609506607055664,right,0.631743997335434,"tablecloth:none, position:sitting, background:blue, from:turquoise bowl, to:blue"
219.hdf5,104,0.19779643416404724,0.12916898727416992,0.18982559442520142,0.010914474725723267,0.0020121335983276367,0.006314456462860107,left,0.5167910158634186,"tablecloth:none, position:sitting, background:blue, from:table, to:blu plate, ha"
22.hdf5,85,0.0022775232791900635,0.0008852481842041016,0.007699698209762573,0.33441781997680664,0.2000827193260193,0.13681837916374207,right,0.671318918466568,"tablecloth:pink, position:sitting, background:lavender, from:table, to:tupperwar"
220.hdf5,163,0.003162577748298645,0.0012817978858947754,0.0013956725597381592,0.3395248055458069,0.25705790519714355,0.16872015595436096,right,0.7653028666973114,"tablecloth:none, position:sitting, background:blue, from:turquoise bowl, to:blue"
221.hdf5,40,0.18404005467891693,0.06889712810516357,0.0731654167175293,0.01308596134185791,0.0072231292724609375,0.016174010932445526,left,0.3261025995016098,"tablecloth:blue, position:sitting, background:pink, from:table, to:green bowl, h"
222.hdf5,112,0.005268529057502747,0.001355886459350586,0.0019037127494812012,0.2083674818277359,0.24863803386688232,0.1731375753879547,right,0.6301430910825729,"table:wood, position:sitting, background:brown, from:light blue bowl, to:orange "
223.hdf5,57,0.007400646805763245,0.005120277404785156,0.00920427218079567,0.18273432552814484,0.0697183609008789,0.05296805500984192,right,0.30542074143886566,"tablecloth:blue, position:sitting, background:pink, from:table, to:green bowl, h"
224.hdf5,107,0.013812348246574402,0.006087779998779297,0.05838480591773987,0.17618559300899506,0.172094464302063,0.1804470419883728,right,0.5287270992994308,"tablecloth:none, position:sitting, background:blue, from:pink bowl, to:blue bowl"
225.hdf5,372,0.004192441701889038,0.0019555091857910156,0.008914679288864136,0.14538748562335968,0.16503667831420898,0.281294584274292,right,0.5917187482118607,"table:wood, position:sitting, background:white, from:white dustpan, to:purple sc"
226.hdf5,100,0.009345963597297668,0.004871070384979248,0.010960064828395844,0.0963239073753357,0.06661057472229004,0.09471404552459717,right,0.2576485276222229,"table:metal, tablecloth:red, position:sitting, background:lavender, from:table, "
227.hdf5,70,0.0027379393577575684,0.0011422038078308105,0.002294868230819702,0.30980098247528076,0.206701397895813,0.18593597412109375,right,0.7024383544921875,"table:metal, position:sitting, background:white, from:baking tray, to:bowl, hand"
228.hdf5,135,0.07985386252403259,0.169594407081604,0.08166036009788513,0.1253533512353897,0.15354686975479126,0.1001705527305603,right,0.37907077372074127,"table:metal, tablecloth:red, position:sitting, background:lavender, from:table, "
229.hdf5,64,0.001050800085067749,0.0015926957130432129,0.005603373050689697,0.36678546667099,0.16831862926483154,0.12996309995651245,right,0.665067195892334,"table:metal, position:sitting, background:white, from:table, to:bowl, hand:right"
23.hdf5,134,0.002407565712928772,0.0026139020919799805,0.0027663707733154297,0.24530133605003357,0.27263343334198,0.1987444907426834,right,0.716679260134697,"table:wood, position:sitting, background:brown, from:brown barrel, to:table, han"
230.hdf5,74,0.0015734434127807617,0.0011173486709594727,0.0038905441761016846,0.2694737911224365,0.1449291706085205,0.16941115260124207,right,0.5838141143321991,"table:metal, position:sitting, background:white, from:table, to:tool box, hand:r"
231.hdf5,173,0.0036757588386535645,0.001743912696838379,0.0160558819770813,0.3644014000892639,0.145346999168396,0.2525687515735626,right,0.7623171508312225,"table:metal, position:sitting, background:white, from:brown box, to:green bowl, "
232.hdf5,168,0.3161419630050659,0.21812641620635986,0.17225119471549988,0.0072495341300964355,0.003164350986480713,0.00543251633644104,left,0.7065195739269257,"tablecloth:none, position:sitting, background:blue, from:table, to:turquoise bow"
233.hdf5,94,0.0009282827377319336,0.002410888671875,0.003005802631378174,0.1706409454345703,0.15113681554794312,0.11341267824172974,right,0.43519043922424316,"table:wood, position:sitting, background:white, from:table, to:blue bowl, hand:r"
234.hdf5,68,0.005442827939987183,0.019096851348876953,0.015783339738845825,0.2547679841518402,0.15001046657562256,0.14351651072502136,right,0.5482949614524841,"table:wood, position:sitting, background:white, from:table, to:yellow plate, han"
235.hdf5,130,0.03944772481918335,0.14153265953063965,0.16244089603424072,0.2274574190378189,0.18916654586791992,0.1847323775291443,right,0.6013563424348831,"table:metal, tablecloth:red, position:sitting, background:lavender, from:table, "
236.hdf5,56,0.003168821334838867,0.0011498332023620605,0.002407252788543701,0.25093504786491394,0.1450737714767456,0.19569441676139832,right,0.5917032361030579,"table:metal, position:sitting, background:white, from:table, to:tupperware, hand"
237.hdf5,78,0.0006706416606903076,0.0008156895637512207,0.0037814080715179443,0.1627580225467682,0.19683516025543213,0.21168574690818787,right,0.5712789297103882,"tablecloth:pink, position:sitting, background:lavender, from:table, to:graytray,"
238.hdf5,95,0.0010065436363220215,0.003607809543609619,0.004934400320053101,0.31450793147087097,0.16511642932891846,0.17273831367492676,right,0.6523626744747162,"table:metal, position:sitting, background:white, from:baking tray, to:Tupperware"
239.hdf5,168,0.009943939745426178,0.006196260452270508,0.008445888757705688,0.2766534686088562,0.19417840242385864,0.12138134241104126,right,0.5922132134437561,"table:wood, position:sitting, background:brown, from:yellow plate, to:gray bowl,"
24.hdf5,73,0.009610757231712341,0.015421748161315918,0.02114040218293667,0.12060081958770752,0.12613701820373535,0.1322014182806015,right,0.3789392560720444,"tablecloth:blue, position:sitting, background:pink, from:table, to:green bowl, h"
240.hdf5,134,0.0024826079607009888,0.0013519525527954102,0.0023428499698638916,0.37899458408355713,0.20180875062942505,0.134610116481781,right,0.7154134511947632,"table:wood, position:sitting, background:brown, from:orange bowl, to:clear Tuppe"
241.hdf5,109,0.23464170098304749,0.13206535577774048,0.15846824645996094,0.0029897689819335938,0.0012628436088562012,0.005684345960617065,left,0.5251753032207489,"tablecloth:none, position:sitting, background:blue, from:table, to:purple scoop,"
242.hdf5,129,0.006765440106391907,0.0028881430625915527,0.0048103928565979,0.31469303369522095,0.21082592010498047,0.11268118023872375,right,0.6382001340389252,"tablecloth:pink, position:sitting, background:lavender, from:table, to:graybowl,"
243.hdf5,155,0.22381284832954407,0.211309015750885,0.16456127166748047,0.004955649375915527,0.004532516002655029,0.0035173892974853516,left,0.5996831357479095,"tablecloth:none, position:sitting, background:blue, from:blue plate, to:clear ja"
244.hdf5,442,0.037889547646045685,0.005478978157043457,0.015912026166915894,0.3231114149093628,0.20648890733718872,0.2857744097709656,right,0.8153747320175171,"table:wood, position:sitting, background:white, from:black case, to:cardboard li"
245.hdf5,73,0.0011484920978546143,0.002056300640106201,0.0019518733024597168,0.23058615624904633,0.21106141805648804,0.1812545657157898,right,0.6229021400213242,"table:wood, position:sitting, background:brown, from:table, to:blue bowl, hand:r"
246.hdf5,79,0.0039608776569366455,0.003985583782196045,0.0031848251819610596,0.2999817132949829,0.1701444387435913,0.15129297971725464,right,0.6214191317558289,"table:metal, position:sitting, background:white, from:baking tray, to:Tupperware"
247.hdf5,139,0.005986824631690979,0.0009554028511047363,0.006880015134811401,0.30634161829948425,0.16837912797927856,0.1722271740436554,right,0.6469479203224182,"tablecloth:none, position:sitting, background:blue, from:blue bowl, to:purple sc"
248.hdf5,136,0.025793373584747314,0.004126310348510742,0.011584848165512085,0.3328394889831543,0.1832512617111206,0.18114587664604187,right,0.6972366273403168,"tablecloth:none, position:sitting, background:blue, from:table, to:turquoise bow"
249.hdf5,63,0.009336898103356361,0.013761162757873535,0.019078928977251053,0.18300741910934448,0.07070684432983398,0.05265741050243378,right,0.30637167394161224,"tablecloth:blue, position:sitting, background:pink, from:table, to:green bowl, h"
25.hdf5,137,0.24903322756290436,0.1312704086303711,0.15848812460899353,0.0013914406299591064,0.001001119613647461,0.0036494433879852295,left,0.538791760802269,"tablecloth:none, position:sitting, background:blue, from:table, to:jar lid, hand"
250.hdf5,96,0.0037193894386291504,0.003447234630584717,0.007731795310974121,0.20058032870292664,0.2132490873336792,0.28588399291038513,right,0.699713408946991,"table:wood, position:sitting, background:brown, from:table, to:blue bowl, hand:r"
251.hdf5,113,0.1243615448474884,0.17737168073654175,0.11211192607879639,0.1255742609500885,0.04311394691467285,0.1456393599510193,left,0.41384515166282654,"table:metal, tablecloth:red, position:sitting, background:lavender, from:table, "
252.hdf5,150,0.0026170462369918823,0.0030390024185180664,0.002514451742172241,0.24389725923538208,0.1536155343055725,0.1778368055820465,right,0.5753495991230011,"tablecloth:none, position:sitting, background:blue, from:blue bowl, to:purple sc"
253.hdf5,145,0.013314872980117798,0.0050280094146728516,0.005574405193328857,0.17682835459709167,0.08836996555328369,0.07996231317520142,right,0.3451606333255768,"table:metal, tablecloth:red, position:sitting, background:lavender, from:table, "
254.hdf5,392,0.31415343284606934,0.15559184551239014,0.22674617171287537,0.00399838387966156,0.001000046730041504,0.0052291154861450195,left,0.6964914500713348,"table:wood, position:sitting, background:white, from:table, to:gray tray, hand:l"
255.hdf5,67,0.01340782642364502,0.003289520740509033,0.02569146454334259,0.14069108664989471,0.10912966728210449,0.16509371995925903,right,0.41491447389125824,"table:wood, position:sitting, background:white, from:table, to:gray bowl, hand:r"
256.hdf5,125,0.02127859555184841,0.0313946008682251,0.013861089944839478,0.2011168748140335,0.20704162120819092,0.20153480768203735,right,0.6096933037042618,"table:metal, tablecloth:red, position:sitting, background:lavender, from:table, "
257.hdf5,50,0.0010523498058319092,0.0010107159614562988,0.003499329090118408,0.3741368055343628,0.16900038719177246,0.11321163177490234,right,0.6563488245010376,"table:metal, position:sitting, background:white, from:table, to:bowl, hand:right"
258.hdf5,123,0.004962146282196045,0.002061784267425537,0.008235424757003784,0.16611850261688232,0.15569323301315308,0.19426563382148743,right,0.5160773694515228,"tablecloth:none, position:sitting, background:blue, from:table, to:blue bowl, ha"
259.hdf5,35,0.007329396903514862,0.0044165849685668945,0.004031222313642502,0.08904989808797836,0.08987212181091309,0.07846423983573914,right,0.2573862597346306,"tablecloth:blue, position:sitting, background:pink, from:table, to:green bowl, h"
26.hdf5,127,0.24754175543785095,0.27649956941604614,0.2650708556175232,0.10956104099750519,0.09263324737548828,0.05320405960083008,left,0.7891121804714203,"table:metal, tablecloth:red, position:sitting, background:lavender, from:table, "
260.hdf5,61,0.2439250349998474,0.17843854427337646,0.17146413028240204,0.0017458796501159668,0.0013151168823242188,0.0027466416358947754,left,0.5938277095556259,"tablecloth:pink, position:sitting, background:lavender, from:table, to:grayplate"
261.hdf5,96,0.14877945184707642,0.2003690004348755,0.06896740198135376,0.14267420768737793,0.11754536628723145,0.22355929017066956,right,0.48377886414527893,"table:metal, tablecloth:red, position:sitting, background:lavender, from:table, "
262.hdf5,108,0.03104192018508911,0.006374359130859375,0.01901140809059143,0.07446552813053131,0.11289727687835693,0.1451473832130432,right,0.33251018822193146,"table:metal, tablecloth:red, position:sitting, background:lavender, from:table, "
263.hdf5,78,0.014435052871704102,0.003553628921508789,0.015029340982437134,0.1878240406513214,0.10079944133758545,0.04124027490615845,right,0.3298637568950653,"table:metal, tablecloth:red, position:sitting, background:lavender, from:table, "
264.hdf5,80,0.012830622494220734,0.014415740966796875,0.004925519227981567,0.20620442926883698,0.17173123359680176,0.12681961059570312,right,0.5047552734613419,"table:metal, tablecloth:red, position:sitting, background:lavender, from:table, "
265.hdf5,129,0.03172741085290909,0.010481715202331543,0.03664229065179825,0.15417727828025818,0.14324641227722168,0.09121522307395935,right,0.3886389136314392,"tablecloth:blue, position:sitting, background:pink, from:table, to:green bowl, h"
266.hdf5,63,0.0024204254150390625,0.0011313557624816895,0.002899736166000366,0.4948948919773102,0.17424547672271729,0.08389690518379211,right,0.7530372738838196,"table:metal, position:sitting, background:white, from:table, to: tub, hand:right"
267.hdf5,98,0.020905882120132446,0.0055002570152282715,0.015507269650697708,0.14491276443004608,0.12138301134109497,0.2656635642051697,right,0.5319593399763107,"table:metal, tablecloth:red,position:sitting, background:lavender, from:table, t"
268.hdf5,175,0.018507003784179688,0.001954972743988037,0.010197073221206665,0.2501041889190674,0.17155909538269043,0.09049007296562195,right,0.5121533572673798,"tablecloth:none, position:sitting, background:blue, from:table, to:pink bowl, ha"
269.hdf5,91,0.002740621566772461,0.0023149847984313965,0.004287779331207275,0.11980119347572327,0.23551934957504272,0.2395787388086319,right,0.5948992818593979,"table:wood, position:sitting, background:brown, from:table, to:gray bowl, hand:r"
27.hdf5,50,0.003908067941665649,0.002144753932952881,0.01003769040107727,0.17937704920768738,0.12071669101715088,0.21194034814834595,right,0.5120340883731842,"table:wood, position:sitting, background:white, from:table, to:yellow bowl, hand"
270.hdf5,132,0.004003703594207764,0.0018723011016845703,0.008119940757751465,0.45947444438934326,0.1899145245552063,0.19538915157318115,right,0.8447781205177307,"table:metal, position:sitting, background:white, from:table, to:Tupperware, hand"
271.hdf5,77,0.002151578664779663,0.0012385249137878418,0.0034297406673431396,0.1422329545021057,0.15020841360092163,0.18927380442619324,right,0.4817151725292206,"table:wood, position:sitting, background:brown, from:table, to:green plate, hand"
272.hdf5,107,0.005030274391174316,0.004413783550262451,0.005696356296539307,0.515400230884552,0.18897569179534912,0.10795634984970093,right,0.812332272529602,"table:metal, position:sitting, background:white, from:table, to:speaker case, ha"
273.hdf5,86,0.0017130672931671143,0.0008461475372314453,0.0024774670600891113,0.1493123322725296,0.21971547603607178,0.1360793113708496,right,0.505107119679451,"tablecloth:pink, position:sitting, background:lavender, from:table, to:bluebowl,"
274.hdf5,76,0.0019979774951934814,0.003382265567779541,0.002990514039993286,0.3294179141521454,0.23796653747558594,0.09537070989608765,right,0.662755161523819,"tablecloth:pink, position:sitting, background:lavender, from:table, to:graytray,"
275.hdf5,121,0.004117146134376526,0.0015783905982971191,0.004324764013290405,0.21701185405254364,0.20838183164596558,0.15059006214141846,right,0.5759837478399277,"table:wood, position:sitting, background:brown, from:yellow bowl, to:clear tuppe"
276.hdf5,144,0.0024081021547317505,0.002904176712036133,0.0019349753856658936,0.2517246603965759,0.202187180519104,0.2009103000164032,right,0.6548221409320831,"tablecloth:none, position:sitting, background:blue, from:table, to:pink bowl, ha"
28.hdf5,77,0.004525601863861084,0.0018059015274047852,0.0019190311431884766,0.17069663107395172,0.03106558322906494,0.032783687114715576,right,0.23454590141773224,"table:wood, position:sitting, background:white, from:table, to:metal tray, hand:"
29.hdf5,102,0.05967703461647034,0.10334658622741699,0.0883840024471283,0.1947246491909027,0.10769873857498169,0.12452620267868042,right,0.4269495904445648,"table:metal, tablecloth:red, position:sitting, background:lavender, from:table, "
3.hdf5,144,0.0018035173416137695,0.0023871660232543945,0.003476440906524658,0.39838629961013794,0.23608916997909546,0.22371187806129456,right,0.858187347650528,"tablecloth:none, position:sitting, background:blue, from:table, to:yellow plate,"
30.hdf5,65,0.0012611746788024902,0.0015853047370910645,0.004341721534729004,0.2860138714313507,0.15130078792572021,0.2175976037979126,right,0.6549122631549835,"table:metal, position:sitting, background:white, from:table, to:speaker case, ha"
31.hdf5,59,0.0015726685523986816,0.0023192167282104492,0.006758332252502441,0.31188881397247314,0.15000736713409424,0.2084694504737854,right,0.6703656315803528,"table:metal, position:sitting, background:white, from:table, to:baking tray, han"
32.hdf5,119,0.00272977352142334,0.0014116168022155762,0.006243109703063965,0.2772769331932068,0.15538501739501953,0.218300461769104,right,0.6509624123573303,"tablecloth:pink, position:sitting, background:lavender, from:table, to:bakingtra"
33.hdf5,112,0.010044042021036148,0.005051255226135254,0.006247419863939285,0.1153484433889389,0.10109180212020874,0.05683016777038574,right,0.2732704132795334,"table:metal, tablecloth:red, position:sitting, background:lavender, from:table, "
34.hdf5,145,0.34021785855293274,0.2081483006477356,0.26180198788642883,0.007826536893844604,0.002876758575439453,0.005468398332595825,left,0.8101681470870972,"tablecloth:none, position:sitting, background:blue, from:table, to:turquoise bas"
35.hdf5,265,0.29369646310806274,0.1544862985610962,0.21350640058517456,0.003796130418777466,0.0027039051055908203,0.0015624463558197021,left,0.6616891622543335,"table:wood, position:sitting, background:white, from:silver tray, to:purple scoo"
36.hdf5,48,0.001608341932296753,0.0012401342391967773,0.002958357334136963,0.24215194582939148,0.18805432319641113,0.1724390983581543,right,0.6026453673839569,"table:metal, position:sitting, background:white, from:table, to:bowl, hand:right"
37.hdf5,69,0.1653052270412445,0.14713966846466064,0.1632843017578125,0.03352701663970947,0.0979275107383728,0.05306503176689148,left,0.47572919726371765,"tablecloth:blue, position:sitting, background:pink, from:table, to:green bowl, h"
38.hdf5,97,0.005222499370574951,0.001456618309020996,0.0014320015907287598,0.2658654451370239,0.22162961959838867,0.17676523327827454,right,0.6642602980136871,"tablecloth:pink, position:sitting, background:lavender, from:table, to:blackplat"
39.hdf5,87,0.00322076678276062,0.0006902813911437988,0.002474159002304077,0.16274040937423706,0.243702232837677,0.13747268915176392,right,0.543915331363678,"table:wood, position:sitting, background:brown, from:table, to:yellow bowl, hand"
4.hdf5,158,0.007071763277053833,0.0032335519790649414,0.003948330879211426,0.3765259087085724,0.2902047634124756,0.28812769055366516,right,0.9548583626747131,"tablecloth:none, position:sitting, background:blue, from:blue bowl, to:orange bo"
40.hdf5,315,0.3065834641456604,0.20645999908447266,0.15510684251785278,0.003002181649208069,0.0028420686721801758,0.005720049142837524,left,0.6681503057479858,"table:wood, position:sitting, background:white, from:white round table, to:white"
41.hdf5,76,0.0024743378162384033,0.0018621087074279785,0.00559648871421814,0.301017701625824,0.14659076929092407,0.07267120480537415,right,0.5202796757221222,"table:metal, position:sitting, background:white, from:table, to:box, hand:right"
42.hdf5,69,0.1284826099872589,0.048144519329071045,0.08176051080226898,0.1164683997631073,0.14310884475708008,0.2182091474533081,right,0.4777863919734955,"tablecloth:blue, position:sitting, background:pink, from:table, to:green bowl, h"
43.hdf5,56,0.06306807696819305,0.020522475242614746,0.02325224131345749,0.12373648583889008,0.10370790958404541,0.11513116955757141,right,0.3425755649805069,"tablecloth:blue, position:sitting, background:pink, from:table, to:green bowl, h"
44.hdf5,146,0.3188377320766449,0.17949628829956055,0.19945955276489258,0.005866885185241699,0.0022395849227905273,0.0026668310165405273,left,0.697793573141098,"tablecloth:none, position:sitting, background:blue, from:yellow plate, to:green "
45.hdf5,100,0.0029484927654266357,0.0015913844108581543,0.0017557740211486816,0.18709294497966766,0.2124425768852234,0.14935147762298584,right,0.5488869994878769,"tablecloth:pink, position:sitting, background:lavender, from:table, to:yellowbow"
46.hdf5,60,0.0014150440692901611,0.002465486526489258,0.0024861693382263184,0.4359367787837982,0.23361122608184814,0.14785122871398926,right,0.8173992335796356,"table:metal, position:sitting, background:white, from:table, to:drawer, hand:rig"
47.hdf5,93,0.000747188925743103,0.001271963119506836,0.004073888063430786,0.11755052208900452,0.22353821992874146,0.17180511355400085,right,0.5128938555717468,"table:wood, position:sitting, background:brown, from:yellow plate, to:gray bowl,"
48.hdf5,44,0.21569201350212097,0.02954256534576416,0.04947529733181,0.30317291617393494,0.0903853178024292,0.14006909728050232,right,0.5336273312568665,"table:wood, position:sitting, background:white, from:metal skillet, to: black pl"
49.hdf5,370,0.0037953034043312073,0.006256580352783203,0.007134139537811279,0.16021274030208588,0.18712985515594482,0.327114999294281,right,0.6744575947523117,"table:wood, position:sitting, background:white, from:purple scooper, to:white du"
5.hdf5,47,0.2475758194923401,0.10501402616500854,0.05059361457824707,0.01888170838356018,0.00826793909072876,0.004748903214931488,left,0.4031834602355957,"tablecloth:blue, position:sitting, background:pink, from:table, to:green bowl, h"
50.hdf5,134,0.12806929647922516,0.1530410647392273,0.05059985816478729,0.255354106426239,0.1520434021949768,0.1382455825805664,right,0.5456430912017822,"table:metal, tablecloth:red, position:sitting, background:lavender, from:table, "
51.hdf5,83,0.001178249716758728,0.0012038350105285645,0.0013734400272369385,0.07931649684906006,0.20317727327346802,0.19671063125133514,right,0.4792044013738632,"table:wood, position:sitting, background:brown, from:red cup, to:table, hand:rig"
52.hdf5,80,0.0023706555366516113,0.0019173622131347656,0.0028453171253204346,0.1178177148103714,0.18108820915222168,0.13367582857608795,right,0.43258175253868103,"table:wood, position:sitting, background:brown, from:table, to:yellow bowl, hand"
53.hdf5,80,0.004131019115447998,0.0010957717895507812,0.0027703791856765747,0.1869347095489502,0.23682910203933716,0.22422249615192413,right,0.6479863077402115,"table:wood, position:sitting, background:brown, from:brown barrel, to:table, han"
54.hdf5,75,0.007276646792888641,0.0032236576080322266,0.028770513832569122,0.16130948066711426,0.1639465093612671,0.12357127666473389,right,0.44882726669311523,"tablecloth:blue, position:sitting, background:pink, from:table, to:green bowl, h"
55.hdf5,94,0.002859354019165039,0.0028162598609924316,0.0035073161125183105,0.3391917943954468,0.1382654905319214,0.05789589881896973,right,0.5353531837463379,"table:metal, position:sitting, background:white, from:table, to:Tupperware, hand"
56.hdf5,65,0.08079424500465393,0.06229555606842041,0.028509706258773804,0.08212174475193024,0.08407282829284668,0.1692105233669281,right,0.335405096411705,"table:wood, position:sitting, background:white, from:table, to:yellow bowl, hand"
57.hdf5,111,0.015162970870733261,0.001608729362487793,0.004520982503890991,0.15789389610290527,0.07771962881088257,0.07344996929168701,right,0.30906349420547485,"table:wood, position:sitting, background:white, from:table, to:blue bowl, hand:r"
58.hdf5,66,0.012744605541229248,0.003387629985809326,0.003518730401992798,0.28954434394836426,0.15039581060409546,0.16238760948181152,right,0.6023277640342712,"table:metal, position:sitting, background:white, from:table, to:tupperware, hand"
59.hdf5,66,0.0024492740631103516,0.0027660131454467773,0.005451381206512451,0.30876660346984863,0.15619993209838867,0.0931972861289978,right,0.5581638216972351,"table:metal, position:sitting, background:white, from:table, to:bowl, hand:right"
6.hdf5,93,0.0022124256938695908,0.0008202791213989258,0.0010049045085906982,0.21054105460643768,0.10592317581176758,0.09217721223831177,right,0.40864144265651703,"table:wood, position:sitting, background:white, from:table, to:yellow plate, han"
60.hdf5,116,0.001985490322113037,0.0014050006866455078,0.00444445013999939,0.25128310918807983,0.20671892166137695,0.22144286334514618,right,0.679444894194603,"table:wood, position:sitting, background:brown, from:gray bowl, to:blue bowl, ha"
61.hdf5,85,0.002316553145647049,0.00297391414642334,0.0018398761749267578,0.1803683638572693,0.23221522569656372,0.17437928915023804,right,0.586962878704071,"tablecloth:pink, position:sitting, background:lavender, from:table, to:orangebow"
62.hdf5,179,0.007369384169578552,0.001983344554901123,0.006709426641464233,0.21949367225170135,0.20653724670410156,0.18809401988983154,right,0.6141249388456345,"tablecloth:none, position:sitting, background:blue, from:dark blue bowl, to:cont"
63.hdf5,57,0.0011924505233764648,0.0008339881896972656,0.0009719133377075195,0.32997626066207886,0.18579316139221191,0.14207088947296143,right,0.6578403115272522,"table:metal, position:sitting, background:white, from:table, to:baking tray, han"
64.hdf5,118,0.0023019015789031982,0.002504885196685791,0.005298972129821777,0.3316686451435089,0.1637546420097351,0.19448840618133545,right,0.6899116933345795,"table:metal, position:sitting, background:white, from:table, to:baking tray, han"
65.hdf5,204,0.0018757432699203491,0.0011475086212158203,0.004019558429718018,0.1948070526123047,0.13940894603729248,0.23239418864250183,right,0.566610187292099,"tablecloth:none, position:sitting, background:blue, from:table, to:red plate, ha"
66.hdf5,60,0.02641420066356659,0.011345148086547852,0.03721393644809723,0.11563065648078918,0.14896833896636963,0.13665758073329926,right,0.40125657618045807,"tablecloth:blue, position:sitting, background:pink, from:table, to:green bowl, h"
67.hdf5,127,0.006274625658988953,0.001537919044494629,0.006848186254501343,0.20832520723342896,0.20760875940322876,0.2647213041782379,right,0.6806552708148956,"tablecloth:none, position:sitting, background:blue, from:table, to:pink bowl, ha"
68.hdf5,175,0.006891727447509766,0.0023558735847473145,0.0038341879844665527,0.45810359716415405,0.235245943069458,0.1815740466117859,right,0.874923586845398,"table:metal, position:sitting, background:white, from:black pot, to:yellow plate"
69.hdf5,152,0.0033049583435058594,0.00119858980178833,0.0017311573028564453,0.4115213453769684,0.19114750623703003,0.1873144805431366,right,0.789983332157135,"tablecloth:none, position:sitting, background:blue, from:table, to:yellow plate,"
7.hdf5,113,0.2049698382616043,0.10014462471008301,0.20451989769935608,0.07090404629707336,0.05141854286193848,0.07469409704208374,left,0.5096343606710434,"table:metal, tablecloth:red, position:sitting, background:lavender, from:table, "
70.hdf5,72,0.003913074731826782,0.0026691555976867676,0.002688974142074585,0.1852082908153534,0.11203169822692871,0.1436997354030609,right,0.440939724445343,"table:metal, tablecloth:red,position:sitting, background:lavender, from:table, t"
71.hdf5,218,0.29891645908355713,0.25726819038391113,0.1389540433883667,0.004175275564193726,0.0019462108612060547,0.003318488597869873,left,0.695138692855835,"table:wood, position:sitting, background:white, from:small blue cup, to:red cup,"
72.hdf5,251,0.17342951893806458,0.3242086172103882,0.1330430507659912,0.002055808901786804,0.0009782910346984863,0.002791792154312134,left,0.630681186914444,"table:wood, position:sitting, background:white, from:red cup, to:small blue cup,"
73.hdf5,68,0.0032636523246765137,0.0038878321647644043,0.0007506012916564941,0.10677200555801392,0.09263843297958374,0.09184566140174866,right,0.2912560999393463,"table:wood, position:sitting, background:white, from:table, to:green bowl, hand:"
74.hdf5,82,0.0012446343898773193,0.0005023479461669922,0.0014181137084960938,0.15266206860542297,0.19946324825286865,0.13626915216445923,right,0.48839446902275085,"tablecloth:pink, position:sitting, background:lavender, from:table, to:bluebowl,"
75.hdf5,51,0.0024695098400115967,0.0020443201065063477,0.002024933695793152,0.12160132080316544,0.0765419602394104,0.2589890956878662,right,0.45713237673044205,"table:wood, position:sitting, background:white, from:metal skillet, to: black pl"
76.hdf5,102,0.003019660711288452,0.003720879554748535,0.001666635274887085,0.16804328560829163,0.12581098079681396,0.08611229062080383,right,0.3799665570259094,"table:wood, position:sitting, background:white, from:table, to:blue bowl, hand:r"
77.hdf5,168,0.014282001182436943,0.005347251892089844,0.005477309226989746,0.14430728554725647,0.162675142288208,0.23339629173278809,right,0.5403787195682526,"table:wood, position:sitting, background:white, from:table, to:clear Tupperware,"
78.hdf5,57,0.0006954669952392578,0.000823676586151123,0.004259437322616577,0.247689351439476,0.1578940749168396,0.1035127341747284,right,0.509096160531044,"tablecloth:pink, position:sitting, background:lavender, from:table, to:yellowbow"
79.hdf5,98,0.028443560004234314,0.1269434094429016,0.043549224734306335,0.0970843955874443,0.05252838134765625,0.08281868696212769,right,0.23243146389722824,"table:metal, tablecloth:red, position:sitting, background:lavender, from:table, "
8.hdf5,99,0.19024710357189178,0.12589490413665771,0.15028682351112366,0.00027802586555480957,0.002310037612915039,0.0031763017177581787,left,0.46642883121967316,"tablecloth:none, position:sitting, background:blue, from:table, to:blu plate, ha"
80.hdf5,111,0.001583188772201538,0.0038335323333740234,0.0032265186309814453,0.30707937479019165,0.19164234399795532,0.1280023753643036,right,0.6267240941524506,"tablecloth:pink, position:sitting, background:lavender, from:table, to:blueplate"
81.hdf5,104,0.008504465222358704,0.004068195819854736,0.01589699648320675,0.08334777504205704,0.10229027271270752,0.09269025921821594,right,0.2783283069729805,"table:metal, tablecloth:red, position:sitting, background:lavender, from:table, "
82.hdf5,75,0.14109298586845398,0.11996138095855713,0.02288481593132019,0.1185465008020401,0.0910414457321167,0.11959284543991089,right,0.3291807919740677,"table:metal, tablecloth:red, position:sitting, background:lavender, from:table, "
83.hdf5,58,0.17861409485340118,0.12134885787963867,0.11947929859161377,0.0012491345405578613,0.0006574392318725586,0.0013803541660308838,left,0.4194422513246536,"tablecloth:pink, position:sitting, background:lavender, from:table, to:grayplate"
84.hdf5,61,0.032888516783714294,0.025600194931030273,0.02387639880180359,0.2543141543865204,0.18371665477752686,0.18531647324562073,right,0.623347282409668,"table:metal, tablecloth:red, position:sitting, background:lavender, from:table, "
85.hdf5,70,0.023620516061782837,0.044769883155822754,0.04355320334434509,0.15617449581623077,0.060683250427246094,0.09278279542922974,right,0.3096405416727066,"table:metal, tablecloth:red,position:sitting, background:lavender, from:table, t"
86.hdf5,483,0.2734455466270447,0.24478626251220703,0.3622567355632782,0.005839526653289795,0.004829883575439453,0.009765684604644775,left,0.8804885447025299,"table:wood, position:sitting, background:white, from:pink bowl, to:blue plate, h"
87.hdf5,115,0.003512240946292877,0.0010185837745666504,0.0012291967868804932,0.2545073926448822,0.19863355159759521,0.09384629130363464,right,0.5469872355461121,"tablecloth:pink, position:sitting, background:lavender, from:table, to:bluebowl,"
88.hdf5,155,0.004042983055114746,0.0010960698127746582,0.004061967134475708,0.3982146382331848,0.10696536302566528,0.12355279922485352,right,0.6287328004837036,"table:metal, position:sitting, background:white, from:table, to:black case, hand"
89.hdf5,89,0.16502974927425385,0.12198060750961304,0.2078549563884735,0.0031581372022628784,0.00754094123840332,0.011189326643943787,left,0.4948653131723404,"tablecloth:none, position:sitting, background:blue, from:table, to:sweeper, hand"
9.hdf5,63,0.008311152458190918,0.0029506683349609375,0.004641890525817871,0.5227723717689514,0.18027788400650024,0.15053385496139526,right,0.8535841107368469,"table:metal, position:sitting, background:white, from:table, to:lid, hand:right"
90.hdf5,73,0.001841902732849121,0.0026227831840515137,0.005876600742340088,0.5082218647003174,0.18650305271148682,0.053199589252471924,right,0.7479245066642761,"table:metal, position:sitting, background:white, from:chess board, to:box, hand:"
91.hdf5,69,0.0011313557624816895,0.00478672981262207,0.0017784535884857178,0.23644277453422546,0.1092490553855896,0.13876670598983765,right,0.4844585359096527,"table:wood, position:sitting, background:white, from:table, to:yellow bowl, hand"
92.hdf5,154,0.012145265936851501,0.018985509872436523,0.018961161375045776,0.2598273456096649,0.2659083604812622,0.25888311862945557,right,0.7846188247203827,"tablecloth:none, position:sitting, background:blue, from:turquoise basket, to:gr"
93.hdf5,69,0.013936489820480347,0.008689701557159424,0.025743305683135986,0.17946620285511017,0.06409120559692383,0.04549725353717804,right,0.28905466198921204,"tablecloth:blue, position:sitting, background:pink, from:table, to:green bowl, h"
94.hdf5,49,0.030326787382364273,0.0042272210121154785,0.0046244412660598755,0.12633395195007324,0.082724928855896,0.0890093594789505,right,0.29806824028491974,"tablecloth:blue, position:sitting, background:pink, from:table, to:green bowl, h"
95.hdf5,140,0.21182957291603088,0.21956086158752441,0.1846223771572113,0.0033568739891052246,0.0015552639961242676,0.0019422471523284912,left,0.6160128116607666,"tablecloth:none, position:sitting, background:blue, from:blue plate, to:clear ja"
96.hdf5,72,0.41561558842658997,0.16457819938659668,0.19216449558734894,0.0007657632231712341,0.0015577077865600586,0.00278531014919281,left,0.7723582834005356,"tablecloth:pink, position:sitting, background:lavender, from:table, to:grayplate"
97.hdf5,45,0.0037779249250888824,0.0041751861572265625,0.014085263013839722,0.1439078152179718,0.09008848667144775,0.07890857756137848,right,0.31290487945079803,"tablecloth:blue, position:sitting, background:pink, from:table, to:green bowl, h"
98.hdf5,71,0.002090729773044586,0.0007048249244689941,0.0006054490804672241,0.21827992796897888,0.1066020131111145,0.04462790489196777,right,0.36950984597206116,"table:wood, position:sitting, background:white, from:yellow plate, to:clear Tupp"
99.hdf5,69,0.0017565786838531494,0.008149206638336182,0.010901391506195068,0.3777688145637512,0.23304593563079834,0.13258445262908936,right,0.7433992028236389,"table:metal, position:sitting, background:white, from:table, to:drawer, hand:rig"
